maturity_date,coupon_rate,frequency,bond_type,symbol
2055-08-25,0.0215,半年,国债,
2026-04-26,0.068,年,企业债,
2035-08-25,0.0183,半年,国债,
2027-05-29,0.0308,年,中期票据,
2031-08-10,0.0345,年,二级资本工具,
2028-12-01,0.0184,年,普通金融债,
2030-11-28,0.0212,年,中期票据,
2030-03-12,0.03,年,中期票据,
2029-03-15,0.0273,年,无固定期限资本债券,
2029-08-28,0.0343,年,中期票据,
2033-12-19,0.0319,年,二级资本工具,
2026-10-23,0.024,年,中期票据,
2033-10-23,0.0343,年,二级资本工具,
2031-07-16,0.0338,年,政策性金融债,
2029-01-26,0.018,年,中期票据,
2027-07-18,0.0250999999999999,年,中期票据,
2035-03-27,0.0207,年,二级资本工具,
2027-01-30,0.023,到期,短期融资券,
2072-07-15,0.034,半年,国债,
2030-06-12,0.0203,年,无固定期限资本债券,
2026-02-27,0.0153,到期,超短期融资券,
2027-12-22,0.06,年,企业债,
2029-03-14,0.032,年,中期票据,
2035-04-24,0.0204999999999999,年,二级资本工具,
2030-03-25,0.0233999999999999,年,中期票据,
2026-06-10,0.0406,年,无固定期限资本债券,
2030-06-27,0.024,年,无固定期限资本债券,
2040-07-24,0.0212,年,二级资本工具,
2029-08-05,0.0227,年,中期票据,
2027-10-18,0.0285,年,中期票据,22国新控股MTN004(能源保供特别债)
2035-09-05,0.0187,年,政策性金融债,25国开20
2075-05-25,0.021,半年,国债,25超长特别国债03
2026-09-09,0.015300000000000001,到期,政策性金融债,25国开11
2026-05-31,0.037000000000000005,年,中期票据,23惠山高科MTN003
2026-07-27,0.015600000000000001,到期,超短期融资券,26中电投SCP001
2055-08-25,0.0215,半年,国债,25超长特别国债06
2055-08-20,0.0232,半年,地方政府债,25湖南39
2035-07-14,0.018799999999999997,年,二级资本工具,25工行二级资本债03BC
2026-06-18,0.0,到期,同业存单,25江西银行CD138
2029-11-14,0.019299999999999998,年,TLAC非资本债券,25交行TLAC非资本债03A(BC)
2035-11-15,0.0178,半年,国债,25附息国债22
2055-07-15,0.019,半年,国债,25超长特别国债05
2029-09-27,0.0223,年,无固定期限资本债券,24华夏银行永续债02
2028-10-15,0.0199,年,中期票据,25闽高速MTN002
2035-04-30,0.019799999999999998,年,二级资本工具,25工行二级资本债02BC
2035-06-18,0.0165,年,政策性金融债,25国开15
2043-06-09,0.0301,半年,地方政府债,23福建债16
2027-06-04,0.024700000000000003,年,中期票据,24河钢集MTN008
2026-02-28,0.0208,年,政策性金融债,24农发清发02
2031-01-26,0.0305,年,中期票据,26金融街MTN001
2035-05-26,0.019299999999999998,年,二级资本工具,25中行二级资本债01BC
2026-02-22,0.0333,年,政策性金融债,16进出03
2040-02-11,0.0342,半年,地方政府债,20北京债09
2030-06-13,0.0154,年,政策性金融债,25国开08
2038-08-30,0.0318,年,二级资本工具,23工行二级资本债02B
2027-08-31,0.032,年,无固定期限资本债券,22建行永续债01
2026-11-26,0.0385,年,无固定期限资本债券,21浙商银行永续债
2026-04-23,0.0,到期,同业存单,25光大银行CD226
2035-11-20,0.021400000000000002,年,二级资本工具,25农行二级资本债04A(BC)
2055-04-25,0.018799999999999997,半年,国债,25超长特别国债02
2027-10-21,0.037000000000000005,年,中期票据,24中交地产MTN003
2031-01-26,0.025,年,无固定期限资本债券,26中信保诚人寿永续债01
2036-01-29,0.0288,年,中期票据,26济南城投MTN001B
2031-01-16,0.02,年,中期票据,26海宁城投MTN001A
2029-01-30,0.02,年,中期票据,26张家经开MTN001
2029-12-15,0.0279,年,国债,22附息国债27
2027-01-19,0.015,到期,政策性金融债,26农发01
2027-07-17,0.024399999999999998,年,中期票据,25山西建投MTN005A
2040-08-27,0.0227,半年,地方政府债,25安徽债95
2035-08-07,0.0182,年,政策性金融债,25农发30
2027-12-15,0.013600000000000001,年,国债,25附息国债24
2029-03-27,0.0313,年,中期票据,24鹰潭国控MTN002
2056-01-15,0.023799999999999998,半年,国债,26附息国债02
2032-01-17,0.03,年,政策性金融债,22国开05
2045-04-25,0.019799999999999998,半年,国债,25超长特别国债01
2054-05-20,0.025699999999999997,半年,国债,24特别国债01
2056-01-23,0.0245,半年,地方政府债,26四川债04
2026-04-29,0.025,年,中期票据,21平湖城投MTN002
2027-03-20,0.0366,年,中期票据,24特变股份MTN001B
2026-12-15,0.0106,年,国债,24附息国债24
2027-12-12,0.0258,年,中期票据,22龙岩水务MTN001
2031-01-30,0.025,年,中期票据,26济南高新MTN001B
2026-02-06,0.0,到期,同业存单,25东莞银行CD142
2029-03-22,0.035,年,中期票据,24淮北建投MTN006
2026-04-02,0.0154,年,政策性金融债,25国开06
2029-06-03,0.025,年,无固定期限资本债券,24江苏银行永续债01
2027-01-29,0.0,到期,同业存单,26光大银行CD010
2026-06-16,0.015700000000000002,到期,政府支持机构债券,25铁道SCP001
2026-03-22,0.0152,到期,超短期融资券,25电网SCP020
2030-10-22,0.0179,年,政策性金融债,25国开18
2029-01-24,0.0305,年,中期票据,24中海企业MTN001B
2026-06-30,0.015700000000000002,到期,超短期融资券,26中交建SCP001
2026-06-30,0.015600000000000001,到期,超短期融资券,26中交建SCP002
2033-05-19,0.0276,半年,地方政府债,23广东债30
2026-04-24,0.0,到期,同业存单,25兴业银行CD235
2029-02-02,0.035,年,中期票据,24怀化交投MTN001
2030-11-21,0.0232,年,无固定期限资本债券,25平安银行永续债02BC
2035-01-03,0.015700000000000002,年,政策性金融债,25国开05
2028-05-25,0.0252,年,政策性金融债,23国开08
2026-07-18,0.0163,到期,超短期融资券,25邮政SCP005
2034-07-29,0.0229,半年,地方政府债,24浙江债28
2026-09-15,0.0165,到期,短期融资券,25南电CP007
2032-09-15,0.0178,年,国债,25附息国债18
2032-12-25,0.0166,年,国债,25附息国债25
2029-08-20,0.022799999999999997,年,无固定期限资本债券,24北京农商行永续债01
2026-11-06,0.03,年,中期票据,23浙江机场MTN003
2026-02-27,0.0,到期,同业存单,25建设银行CD092
2028-08-20,0.024,年,中期票据,25新疆发电MTN001
2026-07-10,0.015700000000000002,到期,超短期融资券,25招商局SCP010
2027-10-22,0.0209,年,中期票据,24粤海MTN002
2033-11-23,0.0408,年,企业债,23建房债02
2026-02-12,0.0,到期,同业存单,25齐鲁银行CD109
2026-04-17,0.017,到期,证券公司短期融资券,25浙商证券CP010
2031-01-08,0.0206,年,中期票据,26广晟MTN001
2034-04-03,0.028900000000000002,年,中期票据,24广州发展MTN001
2026-08-20,0.0154,到期,超短期融资券,26南电SCP001
2028-02-21,0.0184,年,普通金融债,25北京银行小微债01
2026-09-03,0.0139,到期,政策性金融债,25农发31
2030-12-11,0.0279,年,中期票据,25济宁城投MTN005B
2035-12-15,0.0225,年,二级资本工具,25广发银行二级资本债01BC
2029-01-30,0.029500000000000002,年,中期票据,26甘肃物流MTN001(并购)
2031-01-28,0.0305,年,中期票据,26临沂投资MTN002
2026-02-06,0.0159,到期,超短期融资券,25上海机场SCP011
2056-01-06,0.024900000000000002,半年,地方政府债,26山东02
2030-09-25,0.0259,年,中期票据,25济南高新MTN006B
2032-02-17,0.0275,半年,国债,22附息国债03
2033-02-27,0.031,年,政策性金融债,23农发02
2030-10-23,0.020499999999999997,年,中期票据,25振兴基金MTN001(科创债)
2026-09-22,0.028999999999999998,年,中期票据,23大兴发展MTN001
2030-06-20,0.0298,年,中期票据,25悦达MTN003
2029-07-15,0.0191,年,国债,24附息国债14
2027-04-22,0.026000000000000002,年,中期票据,24淮南建发MTN001
2032-10-24,0.0277,年,政策性金融债,22国开20
2027-02-28,0.0255,年,中期票据,24大兴发展MTN001
2035-05-15,0.0178,年,政策性金融债,25农发20
2032-03-08,0.0354,年,二级资本工具,22邮储银行二级01
2031-01-30,0.0225,年,中期票据,26桐乡国控MTN002
2028-11-25,0.013999999999999999,年,国债,25附息国债23
2032-12-12,0.039,年,二级资本工具,22成都银行二级资本债01
2030-11-26,0.0316,年,中期票据,25沈阳地铁MTN005
2035-08-29,0.025699999999999997,年,中期票据,25黄冈城投MTN004
2026-04-16,0.016200000000000003,到期,超短期融资券,26楚天智能SCP001
2034-12-09,0.024700000000000003,年,保险公司资本补充债,24中华财险资本补充债
2035-12-08,0.022400000000000003,年,二级资本工具,25建行二级资本债03BC
2043-09-16,0.047599999999999996,半年,国债,13附息国债19
2042-08-02,0.0412,半年,国债,12附息国债13
2042-06-28,0.0407,半年,国债,12附息国债12
2036-01-14,0.024,年,中期票据,26重庆发展MTN001
2029-01-26,0.0302,年,中期票据,24昆山国创MTN001
2026-03-11,0.0169,到期,超短期融资券,25华电能源SCP001
2030-10-25,0.0163,年,国债,25附息国债20
2026-04-19,0.025699999999999997,年,中期票据,24青岛国信MTN006A
2030-05-29,0.020499999999999997,年,无固定期限资本债券,25招商银行永续债02BC
2026-04-16,0.0,到期,国债,26贴现国债05
2030-01-24,0.0287,年,中期票据,25赣州建投MTN001B
2027-09-02,0.018000000000000002,年,政策性金融债,24国开清发03
2034-07-12,0.0227,年,保险公司资本补充债,24平安产险资本补充债01
2030-02-21,0.0199,年,无固定期限资本债券,25邮储永续债01BC
2035-11-26,0.0216,年,二级资本工具,25中行二级资本债02BC
2027-03-29,0.031,年,中期票据,24豫航空港MTN004
2026-10-27,0.0179,到期,超短期融资券,26江宁水SCP001
2029-03-22,0.026099999999999998,年,中期票据,24德清建设MTN001
2045-06-30,0.0203,半年,地方政府债,25广东债34
2035-08-30,0.0239,年,TLAC非资本债券,24农行TLAC非资本债01C(BC)
2028-09-18,0.0189,年,普通金融债,25上海银行债02
2033-09-26,0.04,年,二级资本工具,23东方二级资本债01BC
2034-07-26,0.0218,年,二级资本工具,24交行二级资本债02A
2027-06-16,0.0269,年,政策性金融债,22国开08
2026-09-10,0.028300000000000002,年,政策性金融债,21国开08
2030-04-23,0.024,年,中期票据,25沪硅产业MTN001(科创票据)
2027-05-14,0.055,年,企业债,20恩施城投债
2028-08-07,0.0161,年,政策性金融债,25农发23
2034-08-05,0.0219,年,二级资本工具,24成都银行二级资本债02
2030-11-26,0.0219,年,中期票据,25武汉水务MTN002
2029-07-16,0.0229,年,中期票据,24国联MTN007
2035-05-15,0.0165,半年,国债,25附息国债09
2036-08-23,0.0375,年,二级资本工具,21邮储银行二级02
2055-01-15,0.0192,半年,国债,25附息国债02
2029-04-18,0.0349,年,中期票据,24电建地产MTN001
2028-08-09,0.030899999999999997,年,政策性金融债,21国开09
2032-04-22,0.0298,年,政策性金融债,22国开10
2033-11-29,0.0301,半年,地方政府债,23河南72
2030-03-21,0.033,年,中期票据,25萍乡创新MTN001B
2034-12-10,0.0215,年,二级资本工具,24浦发银行二级资本债02A
2028-01-11,0.0273,年,政策性金融债,23国开03
2026-04-29,0.0,到期,同业存单,26兴业银行CD018
2075-11-06,0.022799999999999997,半年,国债,25附息国债21
2027-07-25,0.0213,年,中期票据,24中电投MTN014A
2026-10-27,0.0176,到期,超短期融资券,26凤城河SCP002
2030-01-06,0.0127,年,政策性金融债,25国开03
2026-08-14,0.0,到期,同业存单,25建设银行CD333
2030-10-15,0.0282,年,中期票据,25济南城投MTN001
2027-10-12,0.023799999999999998,年,中期票据,24国能新能MTN004
2026-02-11,0.0152,到期,超短期融资券,25苏国信SCP009
2032-03-25,0.0179,年,国债,25附息国债07
2026-08-28,0.0,到期,同业存单,25建设银行CD415
2028-03-03,0.0339,年,中期票据,25银海租赁MTN001
2026-08-26,0.0,到期,同业存单,25农业银行CD406
2034-05-25,0.0227,半年,国债,24附息国债11
2030-03-28,0.0275,年,无固定期限资本债券,25阳光人寿永续债01
2028-12-25,0.0239,年,中期票据,25青岛城阳MTN002
2027-04-25,0.0215,年,普通金融债,24光大银行小微债
2026-12-27,0.024700000000000003,年,中期票据,24鲁钢铁MTN005
2026-03-31,0.0152,到期,超短期融资券,26顺丰泰森SCP003
2026-05-27,0.0,到期,同业存单,25交通银行CD130
2030-02-27,0.0235,年,无固定期限资本债券,25泰康人寿永续债01
2035-12-01,0.0236,年,二级资本工具,25长沙银行二级资本债01
2026-04-09,0.015700000000000002,到期,政策性金融债,25农发11
2027-11-28,0.0173,年,中期票据,25汇金MTN007
2026-03-20,0.0301,年,中期票据,24平安租赁MTN002
2026-06-18,0.0,到期,同业存单,25工商银行CD210
2026-06-17,0.0,到期,同业存单,25民生银行CD145
2029-07-12,0.0235,年,无固定期限资本债券,24工行永续债01
2029-01-29,0.0195,年,中期票据,26海晟控股MTN001
2029-11-13,0.0342,年,中期票据,24凉山发展MTN001
2032-10-26,0.0302,年,二级资本工具,22中行二级资本债02A
2027-06-03,0.023,年,中期票据,24西南水泥MTN001
2026-10-27,0.026000000000000002,到期,超短期融资券,26陕建集团SCP002(科创债)
2028-04-21,0.0178,年,中期票据,25龙源电力MTN005
2026-11-25,0.0,到期,同业存单,25甘肃银行CD137
2026-02-10,0.0,到期,同业存单,25建设银行CD049
2026-05-08,0.0151,到期,超短期融资券,25浙交投SCP020
2036-03-19,0.0438,年,二级资本工具,21中国银行二级02
2026-04-30,0.0,到期,同业存单,26浦发银行CD028
2029-01-30,0.0217,年,中期票据,26济南高新MTN001A
2029-07-22,0.0274,年,中期票据,24首开MTN005A
2045-10-20,0.0374,半年,国债,15附息国债25
2027-07-25,0.025,年,国债,22附息国债16
2029-01-29,0.0189,年,普通金融债,26国银金租绿债01BC
2033-05-25,0.026699999999999998,半年,国债,23附息国债12
2026-11-16,0.037599999999999995,年,无固定期限资本债券,21农业银行永续债01
2035-11-19,0.0217,年,二级资本工具,25浦发银行二级资本债01A
2028-04-27,0.0365,年,中期票据,23华远陆港MTN002
2029-09-13,0.033,年,中期票据,24首开MTN006
2026-04-10,0.015300000000000001,到期,超短期融资券,26华能集SCP002
2028-03-03,0.0393,年,中期票据,23湖北宏泰MTN002
2030-03-06,0.0227,年,无固定期限资本债券,25平安银行永续债01BC
2040-09-19,0.025,年,二级资本工具,25农行二级资本债03B(BC)
2033-02-13,0.031,年,政策性金融债,23进出10
2028-03-05,0.024900000000000002,年,中期票据,25京城投MTN001
2026-06-25,0.0155,到期,超短期融资券,26蒙牛SCP005
2026-09-24,0.0,到期,同业存单,25农业银行CD333
2056-01-06,0.024900000000000002,半年,地方政府债,26山东08
2027-09-15,0.0144,年,国债,25附息国债17
2030-10-14,0.027999999999999997,年,中期票据,25三明城投MTN001
2030-07-17,0.025,年,无固定期限资本债券,25网商银行永续债01
2026-11-25,0.0355,年,中期票据,21首开MTN005
2029-03-23,0.0215,年,中期票据,26晋能煤业MTN001(科创债)
2026-05-28,0.0155,到期,超短期融资券,26电网SCP007
2030-04-11,0.027999999999999997,年,中期票据,25电建地产MTN001
2028-11-20,0.021,年,中期票据,25中交二航MTN005(科创债)
2056-01-07,0.025099999999999997,半年,地方政府债,26青岛债07
2026-03-13,0.0167,到期,超短期融资券,25苏州高新SCP016
2029-11-25,0.0242,年,无固定期限资本债券,24广发银行永续债02
2036-01-22,0.0209,年,政府支持机构债券,26铁道02
2027-06-17,0.023799999999999998,年,中期票据,22铁建房产MTN001
2030-11-27,0.0196,年,普通金融债,25湖南银行科创债
2034-01-30,0.0265,半年,地方政府债,24广东债08
2027-01-04,0.029500000000000002,年,中期票据,21津渤海MTN001
2030-04-25,0.014499999999999999,年,国债,25注资特别国债01
2033-01-29,0.0175,年,地方政府债,26浙江09
2031-01-26,0.0239,年,中期票据,26镇江产投MTN002
2031-01-13,0.0203,年,中期票据,26上虞城建MTN001
2027-08-09,0.0195,年,普通金融债,24厦门国际银行01
2030-04-29,0.0213,年,无固定期限资本债券,25招商银行永续债01BC
2032-08-19,0.028999999999999998,年,政策性金融债,22进出11
2027-05-07,0.0138,季,政策性金融债,25农发清发09
2027-06-05,0.03,年,中期票据,24粤珠江MTN005
2028-10-28,0.02,年,中期票据,25西南水泥MTN001
2028-06-09,0.0174,年,中期票据,25京国资MTN005
2030-08-26,0.0216,年,无固定期限资本债券,25中行永续债02BC
2031-01-26,0.0204,年,企业债,26亦庄国投债01
2035-05-25,0.0167,半年,国债,25附息国债11
2029-07-24,0.018500000000000003,年,政策性金融债,24国开08
2028-10-15,0.0255,年,国债,23附息国债22
2030-11-17,0.0393,年,中期票据,25青岛海科MTN002B
2026-10-15,0.0138,年,国债,25附息国债19
2026-04-15,0.0137,年,国债,25附息国债08
2031-06-07,0.0341,年,政策性金融债,21国开10
2027-04-25,0.0325,年,中期票据,24粤珠江MTN004
2049-12-20,0.0405,半年,地方政府债,19兵团债12
2026-07-23,0.0,到期,同业存单,26宁波银行CD024
2028-11-05,0.020099999999999996,年,中期票据,25湖北港口MTN002
2031-01-30,0.0199,年,中期票据,26芙蓉城投MTN001
2034-07-11,0.0232,年,二级资本工具,24平安银行二级资本债01A
2026-07-23,0.0,到期,同业存单,26中信银行CD026
2031-01-27,0.0246,年,中期票据,26绍兴高新MTN001
2028-08-01,0.0206,年,中期票据,25宜春交通MTN003
2035-12-24,0.0222,年,二级资本工具,25中行二级资本债03A(BC)
2030-09-16,0.023,年,无固定期限资本债券,25宁波银行永续债01
2054-12-02,0.023399999999999997,半年,地方政府债,24四川债67
2028-04-25,0.0239,年,中期票据,25河钢集MTN010
2026-07-14,0.0,到期,同业存单,25民生银行CD170
2027-08-08,0.027999999999999997,年,中期票据,24鲁宏桥MTN009(科创票据)
2029-06-26,0.035,年,中期票据,24中德联合MTN002B
2027-09-13,0.0167,年,政策性金融债,24进出13
2026-02-15,0.0246,年,国债,23附息国债03
2027-05-20,0.025699999999999997,年,中期票据,24浙商租赁MTN001
2031-01-28,0.024900000000000002,年,中期票据,26嘉善高新MTN001
2026-06-08,0.0404,年,无固定期限资本债券,21工商银行永续债01
2028-05-12,0.0167,年,普通金融债,25杭州银行科创债01
2028-07-06,0.0404,年,政策性金融债,18国开10
2030-08-11,0.0172,年,中期票据,25中国铁投MTN001(可持续挂钩)
2035-04-24,0.0223,年,中期票据,25京东方集MTN001(科创票据)
2028-12-26,0.019,年,中期票据,25乌镇实业MTN002
2026-04-07,0.0248,到期,超短期融资券,25陕建集团SCP007(科创债)
2028-12-26,0.0199,年,中期票据,25乌镇实业MTN001
2026-03-16,0.0398,年,中期票据,23陕煤化MTN001
2028-01-10,0.013999999999999999,季,政策性金融债,25国开14
2026-07-31,0.0,到期,同业存单,25民生银行CD288
2028-04-23,0.025699999999999997,年,中期票据,25蚌埠投资MTN002
2026-09-22,0.0187,到期,超短期融资券,25川华西SCP007
2026-11-20,0.0,到期,同业存单,25农业银行CD395
2030-04-24,0.0209,年,无固定期限资本债券,25兴业银行永续债01BC
2030-07-24,0.0197,年,无固定期限资本债券,25中行永续债01BC
2034-04-02,0.024700000000000003,年,政策性金融债,24农发10
2043-06-30,0.0308,半年,地方政府债,23大连债11
2030-07-10,0.0278,年,中期票据,25象屿MTN006B
2029-10-15,0.0174,年,国债,24附息国债20
2029-07-15,0.0315,年,中期票据,24怀化水业MTN001
2028-03-24,0.0141,季,政策性金融债,25进出清发007
2026-09-16,0.0171,到期,超短期融资券,26国网租赁SCP003
2052-02-21,0.035,半年,地方政府债,22四川债28
2030-12-02,0.026099999999999998,年,中期票据,25柳州东投MTN005
2030-09-18,0.0229,年,无固定期限资本债券,25光大银行永续债01
2030-11-26,0.028999999999999998,年,中期票据,25潇湘源MTN001
2030-12-11,0.0242,年,无固定期限资本债券,25上海银行永续债01
2030-11-10,0.022099999999999998,年,无固定期限资本债券,25工行永续债02BC
2031-08-23,0.0344,年,二级资本工具,21邮储银行二级01
2029-06-27,0.03,年,中期票据,24兴金开发MTN001A
2029-01-15,0.023700000000000002,年,国债,24附息国债01
2032-03-23,0.0462,年,二级资本工具,22温州银行二级02
2030-03-10,0.030699999999999998,年,政策性金融债,20国开05
2028-12-11,0.0233,年,中期票据,25威宁投资MTN003
2026-11-07,0.0125,季,政策性金融债,25进出61
2030-11-20,0.023700000000000002,年,无固定期限资本债券,25渤海银行永续债01
2034-08-16,0.0449,年,二级资本工具,19交通银行二级02
2032-01-20,0.032799999999999996,年,二级资本工具,22工商银行二级01
2029-01-30,0.0202,年,中期票据,26光谷金控MTN002(科创债)
2028-10-14,0.0291,年,国债,21附息国债13
2033-05-18,0.0276,半年,地方政府债,23广东债27
2027-01-07,0.0,到期,同业存单,26广发银行CD004
2043-09-08,0.0285,半年,地方政府债,23浙江债62
2034-10-28,0.023700000000000002,年,二级资本工具,24工行二级资本债02BC
2028-06-13,0.025,年,中期票据,25广西能源MTN003B
2030-02-11,0.018000000000000002,年,中期票据,25紫金矿业MTN002
2029-08-19,0.025,年,中期票据,24西安高新MTN015
2027-03-29,0.0264,年,中期票据,24深圳特发MTN002
2026-11-17,0.031,年,中期票据,23鲲鹏资本MTN002
2027-02-25,0.0346,年,中期票据,22深圳特发MTN001
2026-07-29,0.018799999999999997,到期,短期融资券,26姜堰经开CP001
2027-01-27,0.0,到期,同业存单,26兴业银行CD015
2044-02-28,0.026600000000000002,半年,地方政府债,24福建债06
2031-01-30,0.0242,年,中期票据,26坪山城投MTN001
2026-05-20,0.0168,到期,证券公司短期融资券,25中金公司CP010
2029-07-15,0.025699999999999997,年,中期票据,24西安高新MTN013B
2028-03-07,0.017,年,政策性金融债,25进出03
2029-01-23,0.0189,年,中期票据,26广汽集MTN002(科创债)
2027-01-28,0.0,到期,同业存单,26光大银行CD009
2027-02-24,0.0265,年,政策性金融债,22国开03
2031-01-30,0.019799999999999998,年,中期票据,26川高速MTN001
2053-04-15,0.0319,半年,国债,23附息国债09
2030-07-29,0.04,年,中期票据,25曲文投MTN003
2029-05-22,0.026000000000000002,年,中期票据,24成华棚改MTN001
2027-01-18,0.0346,年,无固定期限资本债券,22邮储银行永续债01
2029-07-29,0.022000000000000002,年,中期票据,24海宁城投MTN002
2026-11-20,0.0,到期,同业存单,25光大银行CD245
2027-09-24,0.0215,年,中期票据,24中航租赁MTN007
2027-01-15,0.012199999999999999,年,国债,26附息国债01
2029-06-19,0.0255,年,中期票据,24西安高新MTN010B
2026-02-11,0.0,到期,同业存单,25民生银行CD190
2029-11-05,0.0242,年,无固定期限资本债券,24招行永续债01BC
2029-01-23,0.0203,年,中期票据,26蚌埠城投MTN001
2031-01-12,0.021400000000000002,年,普通金融债,26巴克莱银行债01B(BC)
2029-06-11,0.0246,年,无固定期限资本债券,24华夏银行永续债01
2030-11-27,0.0204,年,中期票据,25陕西交通MTN011
2028-07-03,0.017,年,中期票据,25合肥滨湖MTN001
2027-01-20,0.023700000000000002,年,国债,22附息国债02
2030-06-11,0.0286,年,中期票据,25西安高新MTN009B
2035-04-02,0.018000000000000002,年,政策性金融债,25国开10
2033-08-25,0.0252,半年,国债,23附息国债18
2026-06-11,0.0137,到期,政策性金融债,25农发21
2035-02-15,0.0161,半年,国债,25附息国债04
2034-04-29,0.025,年,二级资本工具,24民生银行二级资本债01
2030-04-21,0.023,年,无固定期限资本债券,25华润银行永续债01
2034-12-30,0.0196,年,二级资本工具,24建行二级资本债03BC
2035-04-25,0.0235,年,二级资本工具,25民生银行二级资本债01
2027-08-24,0.024,年,中期票据,22电建地产MTN003
2029-11-18,0.025,年,中期票据,24宁经开MTN004
2026-04-16,0.0152,到期,超短期融资券,26中油股SCP002(科创债)
2056-01-23,0.0245,半年,地方政府债,26四川债14
2034-07-08,0.022099999999999998,年,二级资本工具,24建行二级资本债02A
2030-04-21,0.0287,年,中期票据,25信达地产MTN002
2035-12-12,0.02,半年,地方政府债,25浙江债80
2034-02-05,0.03,年,二级资本工具,24恒丰银行二级资本债01
2026-02-11,0.0,到期,同业存单,25成都农商银行CD053
2028-02-19,0.0265,年,中期票据,25咸宁高新MTN001
2034-02-01,0.0278,年,二级资本工具,24中行二级资本债01A
2054-07-25,0.024700000000000003,半年,国债,24特别国债04
2030-04-01,0.0287,半年,地方政府债,20浙江债12
2026-03-02,0.0154,到期,超短期融资券,25江西交投SCP004
2027-01-05,0.023399999999999997,年,政策性金融债,24国开02
2026-05-27,0.0,到期,同业存单,25中国银行CD020
2026-05-28,0.0,到期,同业存单,25建设银行CD233
2042-05-26,0.032400000000000005,半年,地方政府债,22深圳债25
2031-11-09,0.036000000000000004,年,二级资本工具,21建设银行二级03
2030-01-25,0.0143,年,国债,25附息国债03
2027-07-20,0.024,半年,资产支持证券,24惠元9优先
2026-05-13,0.0,到期,同业存单,25徽商银行CD209
2026-02-13,0.0,到期,同业存单,25徽商银行CD156
2030-01-07,0.013999999999999999,年,政策性金融债,25农发05
2026-02-12,0.0,到期,同业存单,25交通银行CD190
2029-02-22,0.023,年,政策性金融债,24国开03
2026-08-05,0.0,到期,同业存单,25江苏银行CD134
2029-07-30,0.0219,年,无固定期限资本债券,24中行永续债01
2035-05-19,0.0199,年,二级资本工具,25中信银行二级资本债01BC
2034-08-16,0.0217,年,二级资本工具,24浦发银行二级资本债01A
2030-11-17,0.0223,年,中期票据,25深圳地铁MTN005B
2027-07-23,0.018000000000000002,年,政策性金融债,24农发13
2026-10-27,0.0,到期,同业存单,25工商银行CD269
2028-02-14,0.0147,年,政策性金融债,25国开清发02
2027-07-19,0.0218,年,中期票据,24中电投MTN011A
2026-02-12,0.0,到期,同业存单,25恒丰银行CD238
2026-10-27,0.0177,到期,超短期融资券,26津保投SCP003
2026-02-13,0.0,到期,同业存单,25杭州银行CD146
2026-02-05,0.0,到期,国债,25贴现国债69
2035-07-25,0.0194,年,二级资本工具,25建行二级资本债02A(BC)
2026-05-29,0.0155,到期,超短期融资券,26中交一公SCP003(科创债)
2026-06-26,0.015600000000000001,到期,超短期融资券,26海运集装SCP001
2026-04-28,0.0167,到期,超短期融资券,26夏商SCP003
2029-05-17,0.0291,年,地方政府债,22上海债10
2027-09-27,0.027999999999999997,年,中期票据,22国新控股MTN003(能源保供特别债)
2029-03-24,0.027999999999999997,年,国债,22附息国债06
2028-10-17,0.0199,年,中期票据,25南航股MTN009
2028-08-11,0.0254,年,中期票据,25蚌埠经开MTN001
2026-02-13,0.0,到期,同业存单,25农业银行CD386
2033-11-25,0.026699999999999998,半年,国债,23附息国债26
2026-03-03,0.033,年,政策性金融债,21国开03
2031-11-25,0.0362,年,二级资本工具,21兴业银行二级02
2033-04-12,0.0349,年,二级资本工具,23工行二级资本债01A
2028-09-12,0.0179,年,政策性金融债,25国开清发07
2030-05-13,0.0159,年,政策性金融债,25农发15
2056-01-23,0.024399999999999998,半年,地方政府债,26四川债11
2032-12-22,0.037000000000000005,年,二级资本工具,22工行二级资本债05A
2026-11-26,0.0365,年,无固定期限资本债券,21工商银行永续债02
2027-02-25,0.0204,年,国债,24附息国债03
2038-10-31,0.0355,年,二级资本工具,23农行二级资本债03B
2028-12-23,0.0218,年,中期票据,25蜀道投资MTN005
2028-02-10,0.023,年,中期票据,25河钢集MTN002
2026-09-28,0.025699999999999997,年,中期票据,21成都经开MTN003
2031-09-15,0.0187,年,国债,24附息国债18
2026-02-12,0.0,到期,同业存单,25南京银行CD174
2026-03-30,0.027999999999999997,年,普通金融债,23华夏银行债01
2029-06-20,0.0275,年,中期票据,24豫航空港MTN011
2029-06-21,0.0239,年,无固定期限资本债券,24广发银行永续债01
2029-08-08,0.0242,年,中期票据,24泰安城投MTN001
2035-09-09,0.0208,半年,地方政府债,25贵州25
2026-02-27,0.0,到期,同业存单,25天津银行CD222
2031-02-07,0.016,半年,政策性金融债,25进出55
2026-08-29,0.046799999999999994,年,企业债,19国兴债02
2032-05-15,0.0276,半年,国债,22附息国债10
2026-04-21,0.043,年,无固定期限资本债券,21民生银行永续债01
2050-09-14,0.0381,半年,国债,20附息国债12
2039-02-01,0.0285,年,二级资本工具,24中行二级资本债01B
2033-07-11,0.0395,年,二级资本工具,23厦门国际二级资本债01
2026-04-30,0.0,到期,同业存单,26中信银行CD033
2028-04-22,0.023700000000000002,年,中期票据,25上饶城投MTN001
2029-07-10,0.0175,年,TLAC非资本债券,25中行TLAC非资本债01(BC)
2052-04-15,0.0332,半年,国债,22附息国债08
2026-03-17,0.0,到期,同业存单,25农业银行CD316
2028-09-23,0.0196,年,中期票据,25国航MTN009
2026-03-24,0.0335,年,政策性金融债,21农发03
2050-03-16,0.0339,半年,国债,20附息国债04
2035-09-19,0.0218,年,二级资本工具,25农行二级资本债03A(BC)
2026-02-27,0.0,到期,同业存单,25中信银行CD271
2028-07-08,0.0225,年,中期票据,25核五MTN001
2028-11-10,0.0183,年,中期票据,25广州地铁MTN011
2026-02-05,0.048,年,企业债,21枝江债
2028-12-05,0.0235,年,中期票据,25电建海投MTN001
2026-03-18,0.0206,年,政策性金融债,24进出02
2030-03-28,0.02,年,中期票据,25德清建设MTN001
2030-07-24,0.023700000000000002,年,中期票据,25青岛海控MTN004
2033-03-06,0.0302,年,政策性金融债,23国开05
2028-12-26,0.0187,年,中期票据,25光大集团MTN008
2035-03-03,0.020499999999999997,年,二级资本工具,25工行二级资本债01BC
2026-02-26,0.0,到期,同业存单,25深圳农商银行CD042
2027-01-31,0.0184,到期,中期票据,26万州经开MTN001
2034-09-26,0.0215,年,保险公司资本补充债,24中国人寿资本补充债01BC
2026-05-22,0.0173,到期,超短期融资券,25广州高新SCP003
2053-09-08,0.03,半年,地方政府债,23浙江债63
2026-10-27,0.0176,到期,超短期融资券,26宿迁新城SCP002
2041-06-11,0.0383,半年,地方政府债,21四川36
2030-11-27,0.0232,年,无固定期限资本债券,25杭州银行永续债02
2028-01-30,0.022000000000000002,年,中期票据,26象屿金象MTN001
2027-01-13,0.0,到期,同业存单,26交通银行CD011
2034-10-10,0.0232,半年,地方政府债,24天津83
2034-06-17,0.026000000000000002,年,二级资本工具,24宁波通商银行二级资本债01
2030-01-17,0.026699999999999998,年,中期票据,25伊犁财通MTN001
2026-12-25,0.0,到期,同业存单,25上海农商银行CD102
2026-06-16,0.0125,年,政策性金融债,25进出06
2028-08-04,0.025,年,政策性金融债,23进出15
2031-01-29,0.0203,年,中期票据,26平阳国诚MTN001
2035-06-20,0.023,年,二级资本工具,25西安银行二级资本债02
2028-03-07,0.0342,年,中期票据,25西安高新MTN004
2043-07-24,0.030299999999999997,年,政策性金融债,23国开清发20
2028-12-02,0.019,年,中期票据,25新疆水发MTN002
2026-09-04,0.0167,到期,超短期融资券,26厦翔业SCP001
2055-12-19,0.025099999999999997,半年,地方政府债,25新疆债70
2030-10-30,0.0227,年,无固定期限资本债券,25农行永续债02BC
2034-08-05,0.0217,年,二级资本工具,24广发银行二级资本债01A
2029-08-01,0.0235,年,中期票据,24顺德投资MTN002
2028-02-20,0.0184,年,中期票据,25苏州资产MTN001
2027-02-22,0.0277,年,中期票据,24豫交投MTN001
2026-02-05,0.011899999999999999,到期,政策性金融债,25农发01
2045-12-19,0.025,半年,地方政府债,25新疆债69
2026-08-21,0.0159,到期,超短期融资券,25南京公路SCP004
2030-09-18,0.023399999999999997,年,中期票据,25深圳地铁MTN003B
2027-06-15,0.0138,年,国债,25附息国债12
2039-12-06,0.022000000000000002,半年,地方政府债,24湖北债91
2029-08-05,0.018500000000000003,年,TLAC非资本债券,25农行TLAC非资本债02A(BC)
2030-05-29,0.02,年,无固定期限资本债券,25农行永续债01BC
2053-10-15,0.03,半年,国债,23附息国债23
2026-05-11,0.0255,年,政策性金融债,23农发05
2026-02-13,0.018500000000000003,到期,证券公司短期融资券,25国元证券CP001
2030-12-05,0.027999999999999997,年,无固定期限资本债券,25九江银行永续债01
2028-11-21,0.0206,季,普通金融债,25三峡银行绿色债02
2027-09-05,0.0317,年,无固定期限资本债券,22农行永续债02
2030-05-13,0.0197,年,无固定期限资本债券,25工行永续债01BC
2026-03-05,0.0,到期,同业存单,25农业银行CD067
2040-09-19,0.0231,半年,地方政府债,25山西债58
2028-02-29,0.02,年,中期票据,25晋能煤业MTN012
2028-02-25,0.042199999999999994,年,中期票据,21川发展MTN001B
2032-08-25,0.031,年,二级资本工具,22华夏银行二级资本债01
2028-01-29,0.0208,年,中期票据,26光大控股MTN001
2033-05-23,0.0313,年,二级资本工具,23进出口行二级资本债01
2028-05-17,0.0225,年,TLAC非资本债券,24工行TLAC非资本债01A
2034-02-06,0.0276,年,二级资本工具,24农行二级资本债01A
2030-01-10,0.0269,年,中期票据,25水发集团MTN001
2034-04-19,0.0254,年,二级资本工具,24浙商银行二级资本债01
2029-01-29,0.0187,年,中期票据,26嘉公路MTN001
2029-06-05,0.0246,年,无固定期限资本债券,24农行永续债02
2054-06-03,0.0259,半年,地方政府债,24江苏债13
2026-02-27,0.0,到期,同业存单,26交通银行CD036
2026-02-24,0.015700000000000002,到期,超短期融资券,25江西交投SCP005
2028-09-22,0.0196,年,中期票据,25中航集MTN001
2035-12-03,0.023,年,二级资本工具,25成都农商行二级资本债01
2054-09-25,0.0219,半年,国债,24特别国债06
2027-08-29,0.042,年,中期票据,25陕建集团MTN010(科创债)
2031-03-01,0.0366,年,政策性金融债,21国开05
2027-06-04,0.0285,年,国债,20附息国债08
2028-09-01,0.0189,年,中期票据,25东部机场MTN001
2028-12-12,0.0187,年,普通金融债,25徽商银行小微债
2027-12-16,0.022000000000000002,年,中期票据,25五矿集MTN024(并购)
2033-11-16,0.033,年,二级资本工具,23建行二级资本债03A
2026-05-19,0.0278,年,普通金融债,23宁波银行02
2027-06-26,0.040999999999999995,年,中期票据,25陕建集团MTN002
2026-03-09,0.0,到期,同业存单,25兴业银行CD267
2028-12-19,0.0195,年,中期票据,25能建国际MTN001
2026-06-12,0.0322,到期,超短期融资券,25华侨城SCP006
2027-01-04,0.0294,年,中期票据,24闽西兴杭MTN001
2046-01-29,0.024,半年,地方政府债,26新疆债01
2039-12-10,0.023399999999999997,年,二级资本工具,24浦发银行二级资本债02B
2032-07-18,0.0296,年,政策性金融债,22国开15
2032-09-01,0.026000000000000002,半年,国债,22附息国债19
2027-12-17,0.025,年,中期票据,24水电九局MTN001(科创票据)
2034-02-05,0.0275,年,二级资本工具,24建行二级资本债01A
2043-05-19,0.03,半年,地方政府债,23广东债32
2027-01-19,0.0,到期,同业存单,26工商银行CD020
2031-07-16,0.026699999999999998,年,中期票据,24华阳新材MTN008
2031-06-25,0.0212,年,国债,24附息国债13
2027-10-18,0.025,年,中期票据,24滁州同创MTN002
2028-02-25,0.014499999999999999,年,国债,25附息国债05
2028-02-24,0.0184,年,中期票据,25汇金MTN002
2028-05-25,0.0146,年,国债,25附息国债10
2028-08-15,0.014199999999999999,年,国债,25附息国债15
2049-07-22,0.038599999999999995,半年,国债,19附息国债10
2029-01-30,0.0199,年,中期票据,26南方泵业MTN001(科创债)
2026-02-11,0.0163,到期,证券公司短期融资券,25国泰海通CP009
2026-03-30,0.015300000000000001,到期,超短期融资券,25邮政SCP003
2034-11-25,0.0204,半年,国债,24附息国债23
2030-04-28,0.063,年,企业债,23临沂投发债01
2030-01-03,0.0317,年,中期票据,25通泰MTN001A
2029-09-05,0.024,年,中期票据,24青岛城投MTN004B
2030-06-13,0.020499999999999997,年,无固定期限资本债券,25江苏银行永续债02BC
2030-12-16,0.023399999999999997,年,中期票据,25九江城发MTN002B
2027-01-14,0.034300000000000004,年,政策性金融债,20国开04
2036-01-27,0.0195,半年,地方政府债,26重庆01
2031-01-21,0.0277,年,中期票据,26鹰潭国控MTN001
2027-03-05,0.0252,年,普通金融债,24工银金租债02
2026-04-02,0.0304,年,中期票据,24青岛西海MTN002
2027-02-28,0.03,年,中期票据,24南川城投MTN002
2053-10-09,0.0313,半年,地方政府债,23江西债81
2041-04-22,0.038900000000000004,半年,地方政府债,21广西债04
2026-02-27,0.0,到期,同业存单,25桂林银行CD067
2029-01-08,0.0231,年,中期票据,26荣盛MTN001(科创债)
2028-04-24,0.024900000000000002,年,中期票据,25海尔金盈MTN002
2034-01-08,0.0263,年,政策性金融债,24国开05
2028-07-11,0.013999999999999999,年,政策性金融债,25进出13
2028-02-17,0.0175,年,普通金融债,25浙商银行债01A
2026-02-05,0.0,到期,同业存单,25富邦华一银行CD057
2033-11-08,0.027200000000000002,半年,地方政府债,23浙江债66
2029-03-22,0.0347,年,中期票据,24新郑投资MTN001
2044-05-25,0.024900000000000002,半年,国债,24特别国债02
2026-03-07,0.0298,年,中期票据,24北部湾投MTN001
2027-08-15,0.016200000000000003,年,国债,24附息国债16
2034-04-08,0.0262,年,二级资本工具,24中行二级资本债02A
2026-06-12,0.0168,到期,超短期融资券,26苏州高新SCP004
2026-10-19,0.0435,年,无固定期限资本债券,21北京银行永续债01
2044-11-29,0.0239,半年,地方政府债,24陕西债43
2035-01-16,0.022000000000000002,年,中期票据,25中化股MTN001
2035-12-03,0.0202,半年,地方政府债,25山西70
2034-07-12,0.0235,年,二级资本工具,24中原银行二级资本债01
2028-01-20,0.019299999999999998,年,中期票据,25华数MTN001
2026-04-17,0.0,到期,同业存单,25南京银行CD197
2026-02-13,0.0,到期,同业存单,25天津银行CD216
2029-01-06,0.0227,年,中期票据,25淮北建投MTN011
2030-12-05,0.0199,年,中期票据,25上实MTN005
2027-01-30,0.0189,到期,短期融资券,26静海城投CP001
2028-08-19,0.0305,年,中期票据,25中交房产MTN005B
2026-02-12,0.0,到期,同业存单,25广州银行CD115
2026-06-25,0.0,到期,同业存单,25浙商银行CD123
2028-09-26,0.0263,年,中期票据,25豫航空港MTN005
2031-11-26,0.0394,年,二级资本工具,21厦门银行二级02
2026-02-26,0.0,到期,同业存单,25长沙银行CD205
2028-12-12,0.018799999999999997,季,普通金融债,25浦发银行04
2026-07-30,0.0213,年,普通金融债,24加拿大银行债02BC
2026-04-13,0.0277,年,普通金融债,23中信银行01
2026-03-24,0.0,到期,同业存单,25平安银行CD101
2028-10-31,0.024399999999999998,年,中期票据,25静海城投MTN001
2027-07-16,0.0232,年,中期票据,24河钢集MTN010
2027-09-12,0.020499999999999997,年,普通金融债,24工银亚洲债01
2032-11-15,0.027999999999999997,半年,国债,22附息国债25
2028-10-31,0.039,年,中期票据,23孝感城投MTN004
2029-01-23,0.019299999999999998,年,普通金融债,26浙银金租债01
2030-11-24,0.0285,年,中期票据,25信达地产MTN004
2026-07-09,0.0,到期,同业存单,25平安银行CD059
2026-02-24,0.0,到期,同业存单,25农业银行CD398
2026-07-27,0.027999999999999997,年,普通金融债,23厦门银行小微债01
2029-02-01,0.026600000000000002,年,国际开发机构债,24新开发银行债01BC
2029-01-07,0.021,年,中期票据,26鑫城集团MTN001
2031-09-27,0.0365,年,二级资本工具,21交通银行二级
2045-07-15,0.0192,半年,国债,25超长特别国债04
2028-11-03,0.0194,年,普通金融债,25厦门国际银行债02
2028-11-26,0.0235,年,中期票据,25三峡文旅MTN004
2040-05-15,0.0352,半年,地方政府债,20四川债71
2027-08-16,0.032,年,中期票据,22鹤壁投资MTN002
2026-03-28,0.0279,年,普通金融债,23浦发银行绿色金融债01
2026-05-29,0.0,到期,同业存单,25交通银行CD132
2028-07-16,0.023799999999999998,年,中期票据,25长春轨交MTN001A
2028-09-18,0.025,年,中期票据,25万州经开MTN003
2027-08-01,0.021,年,中期票据,24临港经济MTN002(混合型科创票据)
2027-11-29,0.0242,年,中期票据,24淮南产业MTN001B
2028-08-08,0.0187,年,中期票据,25中国电子MTN001
2030-06-25,0.0223,年,中期票据,25晋能煤业MTN008(科创债)
2028-02-24,0.0196,年,中期票据,25闽能源MTN002
2027-11-28,0.0346,年,中期票据,24长春公交MTN003
2029-03-28,0.028900000000000002,年,中期票据,24徐州新盛MTN004
2026-04-30,0.0163,到期,超短期融资券,25北控集SCP001
2032-11-20,0.030299999999999997,年,中期票据,25连云港MTN003
2026-06-30,0.0158,到期,超短期融资券,25邮政SCP004
2026-08-17,0.0264,年,普通金融债,23东莞银行02
2026-04-20,0.0364,年,中期票据,23闽漳龙MTN004
2026-03-10,0.0,到期,同业存单,25中信银行CD083
2026-02-11,0.0,到期,同业存单,25建设银行CD325
2026-03-06,0.0,到期,同业存单,25交通银行CD066
2026-02-12,0.0,到期,同业存单,25工商银行CD032
2026-04-22,0.0358,年,政策性金融债,16农发18
2030-09-25,0.0227,年,中期票据,25上实MTN004A
2026-09-07,0.0235,年,政策性金融债,23农发13
2026-02-10,0.0,到期,同业存单,25兴业银行CD030
2030-02-12,0.031,年,中期票据,25首开MTN001B
2037-06-16,0.0321,半年,地方政府债,22安徽债47
2026-02-23,0.0,到期,同业存单,26交通银行CD030
2026-04-29,0.0,到期,同业存单,25兴业银行CD240
2035-12-12,0.0239,年,保险公司资本补充债,25平安人寿资本补充债01
2044-11-25,0.023799999999999998,半年,地方政府债,24江苏债33
2031-01-07,0.023,年,中期票据,26江北新区MTN003
2029-03-21,0.031,年,中期票据,24乌经开MTN003
2031-01-15,0.0219,年,中期票据,26中建方程MTN001(可持续挂钩)
2027-09-13,0.0286,年,中期票据,24水发集团MTN009
2026-05-19,0.0408,年,无固定期限资本债券,21中国银行永续债01
2029-01-30,0.0203,年,中期票据,26泰兴城投MTN002
2026-08-25,0.0305,年,政策性金融债,16国开13
2027-06-16,0.0213,年,中期票据,22赣州城投MTN003
2027-04-17,0.0268,年,中期票据,24河钢集MTN005
2031-01-25,0.0154,年,国债,26附息国债03
2027-03-09,0.031,年,企业债,22仁寿小微债
2027-11-18,0.0275,年,地方政府债,22辽宁债35
2029-09-12,0.0227,年,无固定期限资本债券,24北京银行永续债01
2033-09-21,0.0325,年,二级资本工具,23中行二级资本债02A
2027-08-13,0.0199,年,普通金融债,24恒丰银行债01
2027-08-16,0.022000000000000002,年,中期票据,24淮安新城MTN008
2026-03-18,0.0,到期,同业存单,25农业银行CD094
2026-04-11,0.020499999999999997,年,普通金融债,25马上消费金融债01
2029-06-15,0.0275,年,国债,22附息国债12
2035-11-21,0.019799999999999998,半年,地方政府债,25山西债66
2030-01-22,0.0175,年,绿色债务融资工具,25苏国信GN001
2028-06-25,0.0199,年,中期票据,25赣金控MTN002
2028-12-01,0.0341,年,无固定期限资本债券,23招行永续债01
2027-02-27,0.026699999999999998,年,中期票据,24江北建投MTN003
2028-06-16,0.0327,年,无固定期限资本债券,23中行永续债01
2026-10-20,0.022000000000000002,到期,超短期融资券,26平安点创SCP001
2028-10-17,0.0342,年,无固定期限资本债券,23邮储永续债01
2027-07-22,0.023799999999999998,年,中期票据,22华发集团MTN011A
2038-11-17,0.034,年,二级资本工具,23交行二级资本债01B
2026-03-18,0.0,到期,同业存单,25交通银行CD147
2028-02-09,0.048799999999999996,年,政策性金融债,18国开05
2029-07-15,0.0232,年,中期票据,24新兴际华MTN003
2026-02-09,0.0,到期,同业存单,25江苏银行CD084
2028-09-18,0.0187,年,普通金融债,25鄞州农商行绿债01
2037-10-26,0.0334,年,二级资本工具,22中行二级资本债02B
2026-06-11,0.0,到期,同业存单,25农业银行CD183
2053-11-10,0.0322,半年,地方政府债,23吉林债64
2038-03-22,0.0361,年,二级资本工具,23中行二级资本债01B
2029-08-27,0.0276,年,中期票据,24电建地产MTN003
2026-02-10,0.0,到期,同业存单,25工商银行CD028
2026-09-20,0.030699999999999998,年,中期票据,23冀建投MTN001A
2031-03-24,0.048,年,二级资本工具,21青岛银行二级
2030-07-25,0.0155,年,国债,25附息国债14
2028-09-26,0.0337,年,无固定期限资本债券,23建行永续债02
2026-04-21,0.0,到期,同业存单,25宁波银行CD206
2028-03-01,0.053,年,中期票据,23临沂城发MTN001
2034-02-25,0.0235,半年,国债,24附息国债04
2026-02-13,0.0,到期,同业存单,25中信银行CD038
2026-10-23,0.0,到期,同业存单,25中信银行CD342
2033-05-22,0.0282,年,政策性金融债,23国开10
2026-06-29,0.048,年,无固定期限资本债券,21哈尔滨银行永续债
2044-02-05,0.032400000000000005,年,中期票据,24诚通控股MTN005B
2034-07-09,0.0232,年,二级资本工具,24恒丰银行二级资本债02
2033-10-26,0.0345,年,二级资本工具,23建行二级资本债02A
2026-08-18,0.028900000000000002,年,普通金融债,23东方债01BC
2028-09-11,0.0189,年,普通金融债,25贵阳银行小微债01
2027-03-08,0.026000000000000002,年,中期票据,24生产兵团MTN002
2027-05-21,0.0246,年,普通金融债,24东方债01BC
2031-09-13,0.031200000000000002,年,政策性金融债,21国开15
2031-10-26,0.0409,年,二级资本工具,21徽商银行二级01
2027-01-13,0.0,到期,同业存单,26工商银行CD009
2028-01-23,0.0174,年,普通金融债,25农业银行三农债01
2053-09-08,0.0308,半年,地方政府债,23湖南债119
2030-05-19,0.0199,年,无固定期限资本债券,25建行永续债01BC
2026-09-26,0.0347,年,中期票据,23临空港投MTN002
2028-07-16,0.019,年,中期票据,25中电投MTN017
2026-02-27,0.0,到期,同业存单,25工商银行CD072
2030-08-26,0.0278,年,中期票据,25洛阳国晟MTN001
2045-11-28,0.024399999999999998,半年,地方政府债,25湖北债113
2026-03-10,0.0208,到期,证券公司短期融资券,25东财证券CP001
2026-07-24,0.0155,到期,超短期融资券,26上海电气SCP001
2026-10-16,0.015600000000000001,到期,超短期融资券,26江苏港口SCP001
2056-01-13,0.024900000000000002,半年,地方政府债,26湖北债09
2029-11-05,0.0227,年,绿色债务融资工具,24中能建GN002(碳中和债)
2040-06-17,0.021,年,二级资本工具,25农行二级资本债01B(BC)
2026-08-25,0.027000000000000003,年,普通金融债,23绍兴银行小微债
2026-02-25,0.0,到期,同业存单,25浦发银行CD306
2027-04-19,0.031,年,中期票据,24山西文旅MTN004
2028-05-13,0.0301,年,国债,21附息国债07
2032-11-10,0.03,年,二级资本工具,22工行二级资本债04A
2026-03-20,0.0,到期,同业存单,25农业银行CD098
2028-03-03,0.0375,年,中期票据,23烟台业达MTN001
2027-11-22,0.0215,年,中期票据,24沪仪电MTN001
2027-06-18,0.0213,年,中期票据,24华电股MTN002
2027-08-27,0.0225,年,中期票据,24甬工投MTN002
2029-07-21,0.0392,年,企业债,22长兴绿色债02
2026-12-22,0.042,年,中期票据,23华发集团MTN008
2026-02-17,0.0,到期,同业存单,25兰州银行CD087
2026-08-11,0.0,到期,同业存单,25光大银行CD148
2027-11-15,0.014199999999999999,年,国债,24附息国债22
2026-02-12,0.0,到期,同业存单,26深圳前海微众银行CD002
2026-05-07,0.0,到期,同业存单,25中原银行CD216
2026-08-25,0.0,到期,同业存单,25四川天府银行CD219
2026-02-27,0.0,到期,同业存单,25中信银行CD064
2026-04-09,0.0,到期,同业存单,25建设银行CD163
2029-11-07,0.0245,年,无固定期限资本债券,24平安银行永续债01
2027-04-12,0.0255,年,中期票据,24苏州高新MTN003
2026-07-27,0.032,年,中期票据,21中石化MTN001
2026-12-25,0.0,到期,同业存单,25工商银行CD283
2026-09-04,0.0161,到期,超短期融资券,26济南城建SCP001
2033-09-11,0.0269,年,政策性金融债,23国开15
2027-10-28,0.0254,年,中期票据,25平安点创MTN003
2035-01-09,0.0166,年,政策性金融债,25农发10
2033-02-25,0.0288,半年,国债,23附息国债04
2026-03-24,0.0217,到期,短期融资券,25海安开投CP002
2027-04-23,0.0259,年,中期票据,24洛阳城乡MTN001
2026-04-14,0.0264,年,政策性金融债,23进出03
2033-09-04,0.023399999999999997,年,中期票据,24科学城MTN002(项目收益)
2026-10-21,0.0,到期,同业存单,25中信银行CD338
2028-12-24,0.0344,年,中期票据,25鲁中投资MTN002
2026-03-02,0.0305,年,普通金融债,23厦门国际银行三农债01
2026-12-29,0.0,到期,同业存单,25交通银行CD294
2027-05-28,0.0152,年,政策性金融债,25国开02
2027-11-19,0.020499999999999997,年,中期票据,25招商平安MTN003
2027-03-27,0.0279,年,绿色债务融资工具,24河钢集GN004
2026-02-25,0.0,到期,同业存单,25重庆银行CD057
2028-10-30,0.038,年,无固定期限资本债券,23徽商银行永续债01
2031-12-25,0.0149,年,国债,24附息国债25
2029-04-25,0.0484,年,普通金融债,19长城债02BC(品种二)
2028-10-16,0.0187,年,中期票据,25光明MTN002
2029-11-08,0.018600000000000002,年,政策性金融债,24进出15
2028-10-23,0.022000000000000002,年,中期票据,25德泰经发MTN001A
2029-03-15,0.0217,年,中期票据,26晋能煤业MTN002(科创债)
2027-11-27,0.0208,年,普通金融债,24湖南银行绿债01
2026-02-24,0.029500000000000002,年,中期票据,23广州地铁MTN001
2028-01-29,0.039,年,中期票据,26复星高科MTN002(资产担保)
2028-01-07,0.0132,年,政策性金融债,25农发03
2038-03-23,0.0361,年,二级资本工具,23农行二级资本债01B
2038-10-26,0.0353,年,二级资本工具,23建行二级资本债02B
2039-08-05,0.023,年,二级资本工具,24广发银行二级资本债01B
2026-03-22,0.031,年,中期票据,21泰华信MTN001
2055-01-21,0.0206,半年,地方政府债,25广东债08
2027-06-16,0.0273,年,地方政府债,22安徽债38
2027-01-12,0.0,到期,同业存单,26交通银行CD010
2026-02-11,0.0,到期,同业存单,25北京银行CD118
2027-03-13,0.0313,年,中期票据,25广西旅发MTN002
2027-08-21,0.0163,年,政策性金融债,24国开绿债01清发
2026-04-12,0.0277,年,普通金融债,23平安银行小微债
2027-01-12,0.0,到期,同业存单,26工商银行CD006
2026-03-25,0.0149,到期,超短期融资券,26伊利实业SCP004(科创债)
2027-01-24,0.0354,年,普通金融债,22南洋银行01
2027-01-15,0.0,到期,同业存单,26广发银行CD010
2027-01-28,0.0,到期,同业存单,26兴业银行CD017
2028-07-16,0.0217,年,中期票据,25广州控股MTN003A
2028-07-14,0.024,年,中期票据,25河北国控MTN001
2030-06-18,0.0256,年,中期票据,25北部湾投MTN003B
2028-06-13,0.0235,年,中期票据,25武金控MTN003
2031-01-30,0.0187,年,中期票据,26苏国信MTN004(科创债)
2034-06-17,0.0239,年,二级资本工具,24成都银行二级资本债01
2026-09-22,0.0,到期,同业存单,25中国银行CD064
2029-12-01,0.0202,年,TLAC非资本债券,25农行TLAC非资本债03A(BC)
2034-04-19,0.0197,季,政策性金融债,24国开16
2027-08-16,0.0216,年,中期票据,24南京浦口MTN006
2026-04-10,0.0285,年,普通金融债,23上海银行01
2026-03-19,0.0,到期,同业存单,25徽商银行CD182
2026-04-22,0.0,到期,同业存单,26中信银行CD023
2026-04-27,0.0,到期,同业存单,25光大银行CD089
2029-07-17,0.026099999999999998,年,中期票据,24长春轨交MTN002
2026-02-26,0.0,到期,同业存单,25苏州银行CD142
2031-01-29,0.023,年,中期票据,26水发集团MTN002
2026-02-04,0.0163,到期,超短期融资券,25沪机场股SCP004
2035-12-09,0.023799999999999998,年,二级资本工具,25徽商银行二级资本债01
2026-03-05,0.0167,到期,超短期融资券,25中粮SCP001
2027-01-26,0.0173,到期,短期融资券,26克拉玛依CP001
2026-02-23,0.0271,年,中期票据,24徐工租赁MTN001
2029-08-27,0.0395,年,中期票据,24宝城投MTN001
2029-09-19,0.0353,年,中期票据,24青岛金水MTN003B
2032-08-15,0.0269,半年,国债,22附息国债17
2051-04-12,0.037200000000000004,半年,国债,21附息国债05
2027-08-07,0.0255,年,中期票据,24光明房产MTN005
2055-07-30,0.0213,半年,地方政府债,25四川债53
2032-04-22,0.028300000000000002,年,企业债,25安交债01
2026-10-20,0.0,到期,同业存单,26江苏银行CD017
2026-10-23,0.0,到期,同业存单,25光大银行CD227
2026-05-29,0.0415,年,中期票据,23绿城房产MTN002
2029-03-18,0.0273,年,无固定期限资本债券,24邮储永续债01
2026-02-26,0.0337,年,政策性金融债,16农发08
2028-10-30,0.0252,年,中期票据,25电建地产MTN004
2034-05-15,0.025,年,二级资本工具,24宁波银行二级资本债01
2026-02-26,0.0,到期,同业存单,25北京农商银行CD170
2026-04-10,0.032799999999999996,年,中期票据,23广州资管MTN001
2054-09-20,0.0227,半年,地方政府债,24山东52
2026-03-18,0.0,到期,同业存单,25华夏银行CD089
2036-01-29,0.018799999999999997,半年,地方政府债,26浙江08
2030-08-29,0.0318,年,中期票据,25自贡城投MTN002
2054-11-29,0.0235,半年,地方政府债,24山东债79
2027-04-18,0.025,年,中期票据,24江西交投MTN006
2026-05-05,0.0,到期,同业存单,25汉口银行CD115
2026-07-10,0.016,到期,超短期融资券,25静安置业SCP002
2026-11-26,0.048,年,无固定期限资本债券,21上饶银行永续债02
2029-03-13,0.027200000000000002,年,中期票据,24渝两江MTN002A
2026-03-03,0.0,到期,同业存单,25湖南银行CD091
2026-02-25,0.0,到期,同业存单,25上海银行CD111
2030-06-25,0.024,年,无固定期限资本债券,25威海银行永续债01
2029-04-15,0.020499999999999997,年,国债,24附息国债08
2026-10-13,0.025,年,政策性金融债,23进出13
2026-09-07,0.0176,到期,短期融资券,25国电CP002
2031-01-28,0.0222,年,中期票据,26嘉善国创MTN001
2030-01-15,0.025,年,无固定期限资本债券,25桂林银行永续债01
2051-10-18,0.0353,半年,国债,21附息国债14
2027-11-22,0.0223,年,中期票据,24蜀道投资MTN017
2030-03-19,0.0318,年,无固定期限资本债券,25北部湾银行永续债01
2026-06-25,0.0155,到期,超短期融资券,26南航股SCP001
2028-09-17,0.019799999999999998,年,中期票据,25天山材料MTN001
2030-04-28,0.027999999999999997,年,无固定期限资本债券,25桂林银行永续债02
2026-04-29,0.0,到期,同业存单,26华夏银行CD019
2028-10-16,0.0192,年,中期票据,25北控MTN001
2033-05-05,0.0345,年,保险公司资本补充债,23中财再保险资本补充债01
2026-05-14,0.0322,年,政策性金融债,21进出05
2029-12-03,0.028999999999999998,年,无固定期限资本债券,24日照银行永续债01
2037-11-07,0.0334,年,二级资本工具,22建行二级资本债02B
2026-03-12,0.0,到期,同业存单,25渤海银行CD336
2027-11-15,0.023399999999999997,年,中期票据,24生物制药MTN001
2034-07-19,0.0226,年,政策性金融债,24国开15
2037-09-23,0.0334,年,二级资本工具,22农行二级资本债02B
2027-01-22,0.0,到期,同业存单,26中信银行CD025
2026-07-21,0.0178,到期,短期融资券,25西部矿业CP001(科创债)
2029-01-22,0.0313,年,中期票据,24湖北科投MTN002
2026-07-03,0.016,到期,超短期融资券,26华光环保SCP001(科创债)
2032-06-21,0.0345,年,二级资本工具,22农业银行二级01
2029-06-06,0.0246,年,中期票据,24荆门城投MTN002
2030-09-11,0.022400000000000003,年,无固定期限资本债券,25兴业银行永续债02BC
2029-03-11,0.027999999999999997,年,中期票据,24湘建工MTN001(科创票据)
2026-11-29,0.0364,年,无固定期限资本债券,21中国银行永续债02
2032-11-07,0.03,年,二级资本工具,22建行二级资本债02A
2029-01-30,0.0208,年,中期票据,26海发国资MTN001
2026-06-22,0.0,到期,同业存单,25广发银行CD249
2026-04-09,0.0,到期,同业存单,25交通银行CD100
2054-12-06,0.0226,半年,地方政府债,24福建债47
2045-12-01,0.024300000000000002,半年,地方政府债,25四川债73
2029-05-23,0.0329,半年,国债,19附息国债06
2026-03-03,0.0,到期,同业存单,25上海银行CD113
2032-08-22,0.0302,年,二级资本工具,22工行二级资本债03A
2031-01-21,0.0204,年,中期票据,26越秀资本MTN002B
2026-02-26,0.0,到期,同业存单,26无锡农村商业银行CD002
2029-01-16,0.019299999999999998,年,中期票据,26外高桥MTN002
2031-11-16,0.036000000000000004,年,二级资本工具,21中国银行二级03
2026-04-24,0.0155,到期,超短期融资券,26杭实投SCP001
2028-02-22,0.036000000000000004,年,中期票据,23国惠投资MTN001B
2026-02-27,0.0,到期,同业存单,25中国银行CD060
2045-07-21,0.020499999999999997,半年,地方政府债,25辽宁债28
2030-06-18,0.0183,年,普通金融债,25杭州银行02
2027-08-24,0.025,年,政策性金融债,22农发07
2026-07-21,0.0159,到期,超短期融资券,25三峡SCP001
2026-07-21,0.0159,到期,超短期融资券,25三峡SCP002
2028-03-16,0.042800000000000005,年,中期票据,23仙居国资MTN001
2033-11-17,0.033,年,二级资本工具,23交行二级资本债01A
2030-01-17,0.0219,年,中期票据,25莫控MTN001
2026-07-14,0.0,到期,同业存单,25韩国产业上海CD006
2026-02-27,0.0,到期,同业存单,25农业银行CD280
2026-10-16,0.0,到期,同业存单,25江苏银行CD172
2026-12-15,0.0281,年,中期票据,23汇金MTN007
2026-10-27,0.0184,到期,超短期融资券,26海安经开SCP002
2026-07-09,0.0,到期,同业存单,25徽商银行CD117
2026-05-29,0.0155,到期,超短期融资券,26中交一公SCP004(科创债)
2026-04-16,0.0173,到期,超短期融资券,26厦国贸SCP003
2026-02-22,0.054000000000000006,年,中期票据,23淄博城运MTN001
2026-02-10,0.0,到期,同业存单,25徽商银行CD018
2026-02-05,0.0168,到期,证券公司短期融资券,25东吴证券CP004
2026-07-27,0.0262,年,普通金融债,23江苏银行债02
2026-04-28,0.0407,年,中期票据,21济南轨交MTN001
2026-03-20,0.0,到期,同业存单,25工商银行CD212
2026-03-09,0.0,到期,同业存单,25贵州银行CD064
2026-12-22,0.0,到期,同业存单,25浙商银行CD157
2030-12-02,0.0232,年,无固定期限资本债券,25华夏银行永续债01
2026-02-26,0.0,到期,同业存单,25中国银行CD059
2027-07-19,0.021,年,企业债,22龙投小微债01
2039-08-16,0.023,年,二级资本工具,24浦发银行二级资本债01B
2026-09-15,0.0165,到期,短期融资券,25南电CP006
2029-08-11,0.028300000000000002,年,政策性金融债,22农发清发04
2026-02-13,0.0,到期,同业存单,25北京银行CD191
2044-06-21,0.025099999999999997,半年,地方政府债,24广西债15
2026-05-28,0.0,到期,同业存单,25交通银行CD131
2030-06-17,0.019,年,中期票据,25湘高速MTN012
2026-05-27,0.0,到期,同业存单,25建设银行CD230
2028-04-28,0.0273,年,中期票据,25开滦MTN003
2026-06-09,0.0,到期,同业存单,25交通银行CD136
2026-06-04,0.0318,年,地方政府债,21北京债08
2027-03-04,0.0294,年,中期票据,24富和建设MTN002
2074-06-15,0.0253,半年,国债,24特别国债03
2041-01-27,0.0252,年,中期票据,26诚通控股MTN001B(科创债)
2028-10-17,0.0255,年,中期票据,25天恒置业MTN004
2032-07-23,0.023399999999999997,年,中期票据,25湖州产投MTN001
2027-07-11,0.0217,年,中期票据,24华电股MTN003
2026-02-06,0.0,到期,同业存单,25长沙银行CD180
2027-08-05,0.026000000000000002,年,地方政府债,22广东债49
2027-07-19,0.0271,年,地方政府债,22上海债12
2026-11-23,0.0393,年,中期票据,23华银电力MTN001(能源保供特别债)
2026-03-11,0.0,到期,国债,26贴现国债03
2056-01-28,0.024399999999999998,半年,地方政府债,26安徽债14
2056-01-29,0.024399999999999998,半年,地方政府债,26新疆债02
2026-10-23,0.0165,到期,短期融资券,25南电CP009
2033-11-27,0.035,年,二级资本工具,23浙商银行二级资本债02
2026-06-17,0.0,到期,同业存单,25工商银行CD209
2035-03-17,0.027999999999999997,年,保险公司资本补充债,25中韩人寿资本补充债01
2026-06-17,0.023,年,中期票据,21青岛地铁MTN002(碳中和债)
2026-08-31,0.033,年,中期票据,21深圳地铁MTN004(碳中和债)
2026-04-21,0.048,年,中期票据,21滨城经开MTN001
2045-12-10,0.024900000000000002,半年,地方政府债,25大连债45
2026-06-25,0.0,到期,同业存单,25广发银行CD255
2026-09-26,0.044500000000000005,年,普通金融债,23奇瑞徽银绿色债02
2027-08-24,0.0424,年,政策性金融债,17国开15
2026-02-26,0.0,到期,同业存单,25光大银行CD165
2026-02-11,0.0,到期,同业存单,25广州农村商业银行CD087
2030-04-14,0.0208,年,无固定期限资本债券,25江苏银行永续债01BC
2033-05-29,0.0347,年,二级资本工具,23浙商银行二级资本债01
2028-08-05,0.0215,年,中期票据,25津城建MTN004A
2029-06-20,0.0241,年,无固定期限资本债券,24杭州银行永续债01
2026-09-28,0.0165,到期,短期融资券,25电网CP004
2027-03-04,0.0235,年,普通金融债,24浦发银行债01
2026-09-25,0.0375,年,中期票据,23华发集团MTN005
2026-07-20,0.0155,到期,超短期融资券,26中交广航SCP001
2030-04-16,0.0223,年,中期票据,25泉州国资MTN001B
2029-09-25,0.0262,年,国债,22附息国债21
2026-05-22,0.0175,到期,超短期融资券,25浙江旅投SCP003
2026-12-07,0.0369,年,无固定期限资本债券,21招商银行永续债
2026-03-20,0.032,年,普通金融债,23汇丰银行01
2026-03-24,0.0,到期,同业存单,25工商银行CD119
2027-09-02,0.023700000000000002,年,中期票据,24余姚城投MTN003
2026-03-18,0.0,到期,同业存单,25工商银行CD107
2028-03-04,0.0195,年,中期票据,25中核MTN001
2026-05-29,0.0174,到期,超短期融资券,25湖南能源SCP001(科创债)
2028-01-08,0.034,年,政策性金融债,21国开04
2026-03-22,0.045,年,中期票据,23河钢集MTN004
2026-07-28,0.015600000000000001,到期,超短期融资券,26粤海SCP001
2027-12-13,0.021400000000000002,年,中期票据,24天津港MTN006(科创票据)
2027-04-12,0.020099999999999996,年,政策性金融债,24进出03
2027-09-26,0.0212,年,中期票据,24南航股MTN009
2055-11-26,0.0239,半年,地方政府债,25山东债121
2026-04-21,0.0,到期,同业存单,25工商银行CD268
2026-02-27,0.022799999999999997,到期,短期融资券,25洛阳城乡CP001
2026-02-12,0.0,到期,同业存单,25湖北银行CD075
2027-01-29,0.0254,年,绿色债务融资工具,24苏国信GN001
2026-05-26,0.0,到期,同业存单,25农业银行CD166
2026-06-11,0.0,到期,同业存单,25工商银行CD203
2026-05-29,0.0,到期,同业存单,25农业银行CD288
2030-05-30,0.018799999999999997,年,中期票据,25京国资MTN004
2028-05-15,0.0165,年,普通金融债,25农业银行科创债
2026-05-27,0.0,到期,同业存单,25工商银行CD190
2026-02-12,0.0178,到期,超短期融资券,25武汉城建SCP001
2026-08-11,0.0,到期,同业存单,25交通银行CD187
2027-06-17,0.030600000000000002,年,地方政府债,20北京债22
2026-05-28,0.0,到期,同业存单,25工商银行CD194
2026-03-26,0.0165,到期,超短期融资券,25兴业资产SCP004
2026-09-23,0.0,到期,同业存单,25光大银行CD204
2026-04-29,0.0,到期,同业存单,26浦发银行CD025
2027-11-07,0.0206,年,普通金融债,24中信银行债02BC
2026-10-23,0.0165,到期,短期融资券,25南电CP008
2028-03-28,0.0192,年,普通金融债,25中信银行小微债
2030-09-29,0.0254,年,无固定期限资本债券,25青岛农商行永续债01
2030-06-23,0.023,年,无固定期限资本债券,25民生银行永续债01
2027-02-07,0.0246,年,普通金融债,24平安银行小微债01
2030-09-30,0.027000000000000003,年,无固定期限资本债券,25济宁银行永续债01
2028-09-26,0.018500000000000003,年,普通金融债,25建行小微债01BC
2027-02-06,0.0304,年,中期票据,24庐江城投MTN002
2026-03-29,0.027999999999999997,年,普通金融债,23交通银行小微债01
2026-03-27,0.027999999999999997,年,普通金融债,23邮储银行小微债01
2026-07-18,0.0263,年,普通金融债,23上海银行小微债01
2027-04-15,0.0318,年,中期票据,24大足城乡MTN001
2028-11-21,0.023,年,中期票据,25晋能煤业MTN018
2028-01-23,0.03,年,中期票据,25湖北广电MTN001
2035-01-17,0.0227,年,中期票据,25洪市政MTN001
2029-06-11,0.027000000000000003,年,中期票据,24晋能煤业MTN008
2026-05-28,0.015700000000000002,到期,超短期融资券,25苏交通SCP020
2026-03-19,0.0,到期,同业存单,25建设银行CD436
2046-01-20,0.0246,半年,地方政府债,26浙江债07
2028-08-11,0.0183,年,普通金融债,25河北银行绿色债
2031-01-26,0.0231,年,中期票据,21成都高新MTN001B
2029-12-09,0.025,年,中期票据,24云南交投MTN008
2027-09-25,0.02,年,中期票据,24中电投MTN023
2029-06-27,0.0385,年,中期票据,24兴金开发MTN001B
2029-06-18,0.024900000000000002,年,中期票据,24常德城投MTN001
2026-05-16,0.0268,年,普通金融债,23中信银行绿色金融债02
2030-03-31,0.0173,年,地方政府债,25天津12
2027-02-02,0.0298,年,中期票据,24晋城国资MTN001
2026-09-25,0.013500000000000002,年,国债,24附息国债19
2029-01-18,0.045,年,中期票据,24綦江新城MTN001
2028-04-27,0.0355,年,中期票据,23西城投资MTN001
2028-12-29,0.0245,年,中期票据,25即墨城投MTN004
2026-04-21,0.0168,到期,超短期融资券,25邮政SCP002
2026-08-18,0.0167,到期,证券公司短期融资券,26长城证券CP002
2029-01-29,0.031400000000000004,年,中期票据,24青岛军民MTN001
2027-01-29,0.030699999999999998,年,中期票据,24邯郸交投MTN001
2029-04-25,0.0288,年,中期票据,24首开集团MTN001
2026-02-06,0.016399999999999998,到期,超短期融资券,25沪电力SCP018
2035-03-26,0.0227,年,中期票据,25电网MTN015
2030-12-30,0.0172,年,地方政府债,25北京84
2026-07-24,0.0161,到期,超短期融资券,25鲁招金SCP005(科创债)
2026-04-23,0.0,到期,同业存单,25建设银行CD184
2026-07-06,0.0225,年,政策性金融债,23国开07
2026-03-31,0.0,到期,同业存单,25中国银行CD015
2026-06-22,0.0,到期,同业存单,25北京银行CD142
2026-02-26,0.0294,年,中期票据,24武清经开MTN003
2030-05-08,0.0365,年,中期票据,25邹城城资MTN001
2030-06-20,0.020499999999999997,年,中期票据,25陕煤化MTN003
2026-03-17,0.044000000000000004,年,中期票据,23华阳新材MTN004
2028-07-24,0.0492,年,普通金融债,18东方债01BC(品种二)
2026-04-17,0.06,年,中期票据,23淮北建投MTN002
2032-01-24,0.0325,年,二级资本工具,22中国银行二级01
2029-01-28,0.0248,年,中期票据,26唐山控股MTN001
2030-08-28,0.018500000000000003,年,地方政府债,25江苏债42
2028-09-13,0.025699999999999997,年,政策性金融债,23农发15
2026-05-25,0.0,到期,同业存单,25光大银行CD164
2030-11-20,0.019,年,普通金融债,25贵阳银行科创债
2041-11-08,0.0349,年,政策性金融债,21国开20
2026-11-27,0.0,到期,同业存单,25光大银行CD252
2027-04-16,0.016,年,政策性金融债,25农发清发12
2029-07-19,0.023,年,中期票据,24中建投资MTN002
2034-12-27,0.0256,年,中期票据,24徐州新盛MTN010
2026-11-17,0.0,到期,同业存单,25农业银行CD389
2026-07-27,0.0319,年,普通金融债,23民生租赁货运物流主题债03
2027-12-03,0.0167,年,政策性金融债,25农发清发32
2026-12-22,0.0349,年,中期票据,23可克达拉MTN001
2028-04-15,0.0159,年,政策性金融债,25农发13
2030-07-15,0.0215,年,无固定期限资本债券,25广州银行永续债01
2028-08-28,0.0255,年,中期票据,25津国资MTN003
2027-05-10,0.021400000000000002,年,中期票据,26高邮交投MTN001
2027-12-06,0.023,年,中期票据,24保利发展MTN007
2030-06-30,0.026000000000000002,年,中期票据,25益阳城投MTN001
2034-09-23,0.0217,年,二级资本工具,24宁波银行二级资本债02
2026-12-18,0.0,到期,同业存单,25光大银行CD268
2026-11-12,0.017,到期,短期融资券,25桂交投CP006
2033-08-30,0.030699999999999998,年,二级资本工具,23工行二级资本债02A
2026-04-14,0.0,到期,同业存单,25建设银行CD170
2030-07-11,0.0196,年,无固定期限资本债券,25浦发银行永续债02
2028-04-01,0.029900000000000003,年,国际开发机构债,25非洲进出口银行债01BC
2026-04-05,0.0318,年,政策性金融债,16国开10
2026-12-05,0.0233,年,中期票据,24京能国际MTN006(BC)
2029-08-28,0.0256,年,中期票据,24威海城投MTN003
2026-04-16,0.0,到期,同业存单,25建设银行CD175
2029-04-24,0.0239,年,无固定期限资本债券,24兴业银行永续债01
2030-11-14,0.021400000000000002,年,中期票据,25长春轨交MTN003A
2028-05-17,0.0369,半年,国债,18附息国债11
2026-10-26,0.0174,到期,超短期融资券,26济南高新SCP002
2026-03-26,0.0217,到期,短期融资券,25新疆金投CP001
2027-06-17,0.0282,年,政策性金融债,22进出15
2026-12-22,0.0,到期,同业存单,25光大银行CD269
2035-03-27,0.0218,年,二级资本工具,25宁波银行二级资本债01
2031-01-19,0.023,年,中期票据,26宜昌城发MTN001
2026-10-23,0.0167,到期,超短期融资券,26江苏核电SCP001(科创债)
2040-09-26,0.023700000000000002,半年,地方政府债,25河北债60
2026-02-13,0.0,到期,同业存单,25兴业银行CD187
2028-12-31,0.043,年,企业债,21邹城债03
2027-02-26,0.0292,年,中期票据,24晋能装备MTN001
2026-06-05,0.0273,年,普通金融债,23江苏银行债01
2027-12-29,0.0208,年,中期票据,25中化股MTN010
2032-08-06,0.0305,年,中期票据,25首开MTN005B
2035-10-20,0.0245,年,二级资本工具,25苏州银行二级资本债01
2026-02-25,0.0,到期,同业存单,25兴业银行CD190
2026-02-27,0.0,到期,同业存单,25兴业银行CD055
2026-03-18,0.0,到期,同业存单,25建设银行CD136
2028-04-12,0.0374,年,中期票据,23首开MTN004
2026-04-30,0.017,到期,超短期融资券,26滨湖建设SCP003
2030-12-25,0.0254,年,国债,23附息国债28
2026-03-19,0.0166,到期,证券公司短期融资券,25中金公司CP009
2034-08-16,0.0217,年,政策性金融债,24进出11
2027-01-22,0.03,年,中期票据,25冀中能源MTN001(科创票据)
2028-01-10,0.0195,年,中期票据,23广州高新MTN001
2028-07-15,0.024,年,国债,23附息国债15
2027-03-23,0.057,年,中期票据,17西安高新MTN002
2026-07-16,0.0,到期,同业存单,25工商银行CD222
2026-03-24,0.0,到期,同业存单,25中国银行CD035
2029-04-09,0.0222,年,政策性金融债,24农发05
2055-06-26,0.0204,半年,地方政府债,25河北债29
2043-08-16,0.03,半年,地方政府债,23四川债59
2044-09-27,0.022099999999999998,半年,地方政府债,24云南债30
2029-07-16,0.0248,年,无固定期限资本债券,24泰康人寿永续债01
2029-01-27,0.0208,年,中期票据,26吉利MTN002(科创债)
2026-09-04,0.018799999999999997,到期,超短期融资券,25新凤鸣控SCP004
2035-10-27,0.026000000000000002,年,二级资本工具,25威海银行二级资本债01
2026-04-10,0.020099999999999996,到期,超短期融资券,25临桂城投SCP002
2026-03-18,0.0169,到期,超短期融资券,25北电SCP003
2026-03-13,0.016200000000000003,到期,超短期融资券,25大唐集SCP003
2027-05-27,0.022000000000000002,年,普通金融债,24交行债01
2029-04-09,0.0348,年,中期票据,24康田置业MTN001
2029-01-04,0.0308,年,中期票据,24渝富MTN001
2028-12-04,0.0235,年,中期票据,25五矿集MTN021
2027-01-06,0.0379,年,中期票据,21鲁能源MTN009B(高成长债)
2028-10-22,0.02,年,中期票据,25萧山机场MTN001A
2028-04-28,0.018500000000000003,年,普通金融债,25江苏银行01
2039-04-08,0.0271,年,二级资本工具,24中行二级资本债02B
2026-10-23,0.015700000000000002,到期,超短期融资券,26龙盛SCP002(科创债)
2026-03-05,0.0,到期,同业存单,25交通银行CD064
2026-08-28,0.025699999999999997,年,普通金融债,23上海农商01
2026-06-12,0.0,到期,同业存单,25光大银行CD113
2026-08-03,0.035,年,中期票据,23晋能煤业MTN003
2028-11-18,0.0229,年,中期票据,25方洋MTN006
2030-08-07,0.0169,年,政策性金融债,25农发25
2028-10-20,0.023,年,中期票据,25五矿集MTN010
2028-03-04,0.0259,年,中期票据,25科学广州MTN002
2027-01-19,0.0317,年,中期票据,22中信集团MTN001A
2026-06-21,0.0325,年,中期票据,23华电MTN005B(能源保供特别债)
2026-09-21,0.0255,到期,中期票据,25昆明交通MTN002
2026-10-22,0.0,到期,同业存单,25平安银行CD117
2026-06-26,0.0151,到期,短期融资券,25国电CP001
2026-11-25,0.0,到期,同业存单,25光大银行CD248
2026-08-08,0.0158,到期,超短期融资券,25中建三局SCP005(科创债)
2026-02-11,0.016200000000000003,到期,超短期融资券,25龙盛SCP006(科创债)
2026-06-26,0.015600000000000001,到期,超短期融资券,26海运集装SCP002
2026-08-18,0.016,到期,超短期融资券,25南航股SCP013
2027-02-12,0.0144,年,政策性金融债,25农发清发02
2031-10-25,0.0383,年,二级资本工具,21兴业银行二级01
2027-10-28,0.0208,年,中期票据,25潞安MTN005
2026-03-30,0.0,到期,同业存单,25华夏银行CD318
2033-07-03,0.0271,半年,地方政府债,23浙江债29
2026-11-20,0.016200000000000003,年,政策性金融债,24农发清发32
2028-01-08,0.02,年,中期票据,25兴城投资MTN001A
2027-12-26,0.027999999999999997,年,中期票据,25安徽水利MTN002
2027-07-25,0.0236,年,中期票据,24吉利MTN002(科创票据)
2027-03-12,0.0212,年,政策性金融债,24农发03
2026-02-27,0.0209,到期,短期融资券,25宁舟港CP001
2027-01-26,0.0,到期,同业存单,26广发银行CD019
2027-04-29,0.0269,年,中期票据,24常德经建MTN002
2029-04-19,0.0269,年,中期票据,24金家岭MTN002
2027-01-25,0.0273,年,中期票据,24深圳特发MTN001
2028-09-15,0.0358,年,中期票据,23阜阳投资MTN001
2029-04-26,0.0338,年,中期票据,24运城城投MTN002
2026-10-20,0.0327,年,中期票据,23青岛地铁MTN003
2027-03-07,0.033,年,中期票据,24威海产投MTN001A
2026-02-06,0.0,到期,同业存单,25交通银行CD182
2026-03-11,0.0149,到期,超短期融资券,25电网SCP018
2030-05-20,0.021,年,无固定期限资本债券,25北京银行永续债01
2030-10-23,0.026000000000000002,年,中期票据,25川华西MTN003
2030-09-01,0.026699999999999998,年,政策性金融债,23农发清发07
2026-04-24,0.0155,到期,超短期融资券,26中建八局SCP003(科创债)
2026-07-30,0.0,到期,同业存单,26云南红塔银行CD006
2035-11-21,0.0271,年,中期票据,25漳州经发MTN002
2028-08-20,0.0195,年,中期票据,25南航股MTN005
2035-06-30,0.0215,年,二级资本工具,25四川银行二级资本债
2030-01-16,0.035,年,中期票据,25鲁宏桥MTN001(科创票据)
2027-08-19,0.0218,年,中期票据,24西南水泥MTN003
2031-12-27,0.0364,年,二级资本工具,21北京农商二级
2026-07-14,0.0174,到期,超短期融资券,26中国城乡SCP001
2028-02-27,0.0338,年,中期票据,25西安高新MTN002
2028-12-22,0.018600000000000002,年,普通金融债,25江苏银行债04BC
2030-05-20,0.026099999999999998,年,中期票据,25株洲云龙MTN001A
2030-03-24,0.031,年,中期票据,25水发集团MTN005
2049-09-25,0.0395,半年,地方政府债,19湖南37
2027-07-25,0.0202,年,普通金融债,24光大金租债03
2029-05-31,0.0276,年,中期票据,24株洲城建MTN002
2030-10-09,0.0252,年,中期票据,25义乌国资MTN005
2026-02-04,0.0166,到期,证券公司短期融资券,25银河证券CP024
2026-09-12,0.027000000000000003,年,普通金融债,23齐鲁银行绿债01
2026-07-13,0.0,到期,同业存单,25交通银行CD228
2027-05-12,0.0297,年,政府支持机构债券,22铁道09
2033-10-31,0.0345,年,二级资本工具,23农行二级资本债03A
2028-08-19,0.0197,年,中期票据,25闽高速MTN001
2026-05-30,0.027000000000000003,年,普通金融债,23华夏银行债02
2041-01-30,0.0219,年,中期票据,26青岛城投MTN001
2030-05-19,0.029300000000000003,半年,地方政府债,20山东债29
2030-11-26,0.0248,年,中期票据,25青岛西海MTN005B
2027-11-15,0.027999999999999997,年,绿色债务融资工具,24书赞桉诺GN001BC
2029-09-03,0.018799999999999997,年,政策性金融债,24农发15
2031-01-23,0.0227,年,中期票据,26海淀国资MTN001B
2030-06-18,0.0217,年,中期票据,25渝高建投MTN001
2027-12-04,0.029500000000000002,年,中期票据,24泰达城发MTN002
2028-06-24,0.0184,年,普通金融债,25温州银行债02
2036-01-25,0.038,年,政策性金融债,16国开05
2026-05-09,0.0178,到期,超短期融资券,25盐城东方SCP004
2026-09-24,0.0,到期,同业存单,25光大银行CD271
2026-03-24,0.0158,到期,超短期融资券,25申能集SCP002
2034-05-06,0.0235,年,政策性金融债,24国开10
2026-03-20,0.035,年,中期票据,24冀中能源MTN005(科创票据)
2034-07-19,0.0255,年,中期票据,24首钢MTN003B
2026-05-29,0.0,到期,同业存单,25建设银行CD235
2028-08-12,0.02,年,TLAC非资本债券,24建行TLAC非资本债01A
2054-05-10,0.0265,半年,地方政府债,24山东债16
2026-04-03,0.024,年,中期票据,23济宁高新MTN001
2036-08-05,0.0215,年,TLAC非资本债券,25农行TLAC非资本债02C(BC)
2026-04-09,0.0,到期,同业存单,25工商银行CD132
2030-12-15,0.027000000000000003,年,无固定期限资本债券,25绵阳商行永续债01
2027-07-31,0.0206,年,中期票据,24中建材MTN001
2026-05-15,0.0,到期,同业存单,25中信银行CD251
2027-09-27,0.0192,年,普通金融债,24中国银行三农债01
2027-04-12,0.02,年,政策性金融债,24国开清发02
2040-09-19,0.023,半年,地方政府债,25山西债57
2026-02-26,0.028999999999999998,年,中期票据,21陆金开MTN001
2026-05-27,0.0319,年,地方政府债,21宁波债04
2028-04-16,0.0222,年,中期票据,25高淳国资MTN001
2029-06-14,0.024700000000000003,年,中期票据,24中国电子MTN001
2029-08-28,0.023,年,无固定期限资本债券,24交行永续债01BC
2026-02-12,0.0,到期,同业存单,25唐山银行CD174
2026-02-23,0.0285,年,中期票据,24云能投MTN003
2026-08-15,0.0218,年,国债,23附息国债17
2030-08-28,0.0229,年,中期票据,25浙嘉高新MTN004
2027-03-08,0.031,年,中期票据,24沈阳地铁MTN002
2032-03-11,0.0318,年,政策性金融债,22进出10
2027-05-17,0.0269,年,地方政府债,22上海债09
2026-03-20,0.0151,到期,超短期融资券,25国航SCP004
2026-07-22,0.0747,年,企业债,19龙海债02
2034-04-25,0.0232,年,二级资本工具,24农行二级资本债02A
2028-05-14,0.02,年,中期票据,25无锡创投MTN001(科创债)
2027-02-22,0.0349,年,无固定期限资本债券,22农业银行永续债01
2028-07-08,0.0245,年,中期票据,25平安租赁MTN010
2026-02-10,0.017,到期,证券公司短期融资券,25银河证券CP023
2026-06-23,0.0215,到期,超短期融资券,25武清国资SCP002
2026-07-17,0.0298,年,中期票据,24云建投MTN010
2026-07-30,0.0,到期,同业存单,26广东南粤银行CD017
2028-08-26,0.04,年,企业债,21锡新城债
2029-07-04,0.0304,年,中期票据,24鹰潭文旅MTN001
2029-02-02,0.0282,年,中期票据,24蜀道投资MTN002
2026-07-22,0.0,到期,同业存单,25中国银行CD048
2030-01-20,0.0334,半年,地方政府债,20广东债30
2027-05-06,0.024,年,中期票据,22临空港MTN002
2029-04-26,0.0242,年,无固定期限资本债券,24中信银行永续债01
2033-06-16,0.028300000000000002,年,政策性金融债,23农发10
2028-06-20,0.0226,年,中期票据,25河钢集MTN013
2028-08-11,0.0317,年,中期票据,23杭州城发MTN001
2029-03-27,0.0285,年,中期票据,24海淀国资MTN002A
2026-02-12,0.0,到期,同业存单,25民生银行CD194
2026-02-06,0.0,到期,同业存单,25上海银行CD104
2031-01-09,0.0222,年,中期票据,26富阳城投MTN001
2028-09-10,0.0219,年,中期票据,25陕西交通MTN009
2027-01-20,0.0335,年,中期票据,22蜀道投资MTN001
2026-03-06,0.0,到期,同业存单,25工商银行CD087
2027-01-28,0.0176,到期,短期融资券,26青岛海控CP001
2027-04-12,0.0365,年,无固定期限资本债券,22中国银行永续债01
2026-08-30,0.0365,年,中期票据,21无锡建投MTN003(权益出资)
2027-01-28,0.0192,到期,短期融资券,26中国平煤CP001
2026-08-24,0.027200000000000002,年,中期票据,23张江集MTN003
2026-02-04,0.02,到期,证券公司短期融资券,25国金证券CP001
2030-06-03,0.035,年,中期票据,25济宁中区MTN001
2026-02-27,0.0,到期,同业存单,25鄞州银行CD026
2026-03-10,0.015700000000000002,到期,超短期融资券,25南京医药SCP005
2027-05-24,0.0225,年,普通金融债,24徽商银行01
2026-02-26,0.0368,年,政策性金融债,19国开04
2026-09-08,0.027000000000000003,年,普通金融债,23稠州商行小微债01
2026-05-11,0.0,到期,同业存单,25中信银行CD359
2026-04-15,0.0,到期,同业存单,25交通银行CD233
2028-01-13,0.0274,年,中期票据,25银川城投MTN001
2027-01-20,0.0339,年,中期票据,22重庆交投MTN002
2031-01-30,0.019299999999999998,年,中期票据,26桐乡国控MTN001
2026-02-11,0.0,到期,同业存单,25工商银行CD236
2026-04-09,0.0,到期,同业存单,25兴业银行CD086
2026-04-30,0.0,到期,同业存单,25宁波银行CD220
2026-07-09,0.0,到期,同业存单,26工商银行CD004
2026-03-18,0.0158,到期,超短期融资券,25华电江苏SCP025
2029-01-29,0.021099999999999997,年,中期票据,26河钢集MTN002
2029-05-24,0.0259,年,中期票据,24徐高新集MTN002
2040-11-07,0.0226,半年,地方政府债,25湖北95
2026-03-18,0.0158,到期,超短期融资券,25华电江苏SCP026
2026-11-12,0.0215,到期,中期票据,25昆明轨道MTN004
2026-11-26,0.027000000000000003,年,中期票据,21山能重装MTN001
2026-06-05,0.015700000000000002,到期,超短期融资券,25龙盛SCP012(科创债)
2028-04-25,0.025099999999999997,年,中期票据,25津保投MTN005
2026-11-26,0.0352,年,绿色债务融资工具,21重庆轨交GN006(碳中和债)
2026-08-18,0.0279,到期,超短期融资券,26华发集团SCP001
2029-08-01,0.023,年,中期票据,24湖州城投MTN002
2026-10-16,0.0175,到期,超短期融资券,26深圳地铁SCP001
2031-03-19,0.0415,年,二级资本工具,21中国银行二级01
2028-07-09,0.0217,年,中期票据,25曹妃国控MTN004A
2026-10-29,0.023,年,中期票据,21青岛地铁MTN003
2028-02-27,0.0379,年,中期票据,23福建漳州MTN002
2029-05-17,0.0255,年,中期票据,24光大环境MTN002B
2026-02-10,0.0,到期,同业存单,25吉林银行CD136
2026-02-27,0.0,到期,同业存单,25华夏银行CD064
2026-03-09,0.0,到期,同业存单,25浦发银行CD321
2026-03-20,0.0169,到期,超短期融资券,25江苏广电SCP009(科创债)
2029-09-30,0.032400000000000005,年,中期票据,24日照城投MTN002
2026-03-20,0.0,到期,同业存单,25中信银行CD097
2026-03-18,0.0,到期,同业存单,25光大银行CD073
2026-02-25,0.0,到期,同业存单,25中信银行CD264
2027-05-31,0.0215,年,企业债,22沪地产03
2032-12-30,0.035,年,二级资本工具,22进出口行二级资本债01
2031-06-07,0.0387,年,二级资本工具,21宁波银行二级01
2026-03-10,0.0,到期,同业存单,25建设银行CD125
2026-02-26,0.0,到期,同业存单,25浙商银行CD103
2027-02-21,0.034,年,中期票据,22蜀道投资MTN003
2026-07-31,0.0197,到期,短期融资券,25津南城投CP006
2026-04-05,0.0163,到期,超短期融资券,25泉州交通SCP004
2026-03-16,0.0341,年,中期票据,23鲁高速MTN002
2028-03-26,0.0197,年,普通金融债,25北京银行01
2026-03-18,0.0,到期,同业存单,25交通银行CD085
2027-07-30,0.0218,年,普通金融债,24马上消费债03B
2026-05-07,0.0,到期,同业存单,25工商银行CD164
2026-04-17,0.0167,到期,超短期融资券,25楚天智能SCP003
2031-12-15,0.0348,年,二级资本工具,21工商银行二级02
2029-04-01,0.045899999999999996,年,普通金融债,19长城债01(品种二)
2028-04-17,0.0278,年,地方政府债,23江苏12
2033-09-14,0.0325,年,二级资本工具,23农行二级资本债02A
2028-09-25,0.019,年,普通金融债,25瑞丰农商行绿债01
2026-04-24,0.0167,到期,超短期融资券,25龙源电力SCP007
2028-02-19,0.034300000000000004,年,中期票据,25中原金控MTN001
2026-04-14,0.0171,到期,超短期融资券,25鄂能源SCP004
2027-03-21,0.024300000000000002,年,普通金融债,24北京银行01
2026-10-28,0.0,到期,同业存单,25浦发银行CD279
2028-07-21,0.0274,年,中期票据,25象屿MTN007B
2028-08-01,0.02,年,中期票据,25苏州高新MTN004
2030-06-18,0.030899999999999997,年,政策性金融债,20国开10
2041-12-01,0.035,半年,地方政府债,21浙江债67
2056-01-09,0.024900000000000002,半年,地方政府债,26宁波债07
2040-10-27,0.0232,半年,地方政府债,25河北债65
2026-03-20,0.0,到期,同业存单,25建设银行CD263
2027-01-19,0.0296,年,中期票据,24淮安国投MTN001
2030-08-08,0.031,年,中期票据,25云建投MTN006
2026-02-27,0.0,到期,同业存单,25浦发银行CD054
2027-03-01,0.034300000000000004,年,中期票据,24晋能山西MTN002
2026-08-03,0.032,年,中期票据,23攀钢集MTN001(科创票据)
2029-08-19,0.0235,年,无固定期限资本债券,24民生银行永续债01
2027-06-26,0.0219,年,中期票据,24南航股MTN007
2029-01-20,0.0296,年,中期票据,26冀中能源MTN002(科创债)
2028-02-20,0.018500000000000003,年,普通金融债,25民生银行债01
2026-07-03,0.016,到期,超短期融资券,26华光环保SCP002(科创债)
2026-03-13,0.0215,年,中期票据,24南航租赁MTN001
2026-03-30,0.0,到期,同业存单,25上海银行CD168
2035-08-26,0.019799999999999998,半年,地方政府债,25陕西债39
2028-12-10,0.028999999999999998,年,中期票据,25冀中能源MTN016B(科创债)
2027-08-05,0.0209,年,中期票据,24武进经发MTN005
2030-05-21,0.0268,半年,国债,20附息国债06
2026-03-04,0.0395,年,中期票据,21闽投MTN001
2026-04-07,0.0,到期,同业存单,25交通银行CD098
2027-03-19,0.025699999999999997,年,中期票据,24京汽集MTN002
2027-09-14,0.019,年,中期票据,22广州开投MTN001
2026-05-12,0.018500000000000003,到期,超短期融资券,25金禹能源SCP003
2030-03-23,0.0323,年,政策性金融债,20进出10
2031-03-25,0.022799999999999997,年,国债,24附息国债06
2026-02-28,0.03,年,中期票据,23国盛MTN001
2029-11-28,0.0229,年,无固定期限资本债券,24农行永续债03BC
2028-01-19,0.02,年,企业债,21钱世纪城债01
2028-12-01,0.0181,季,普通金融债,25兴业银行绿色债03
2031-01-30,0.018799999999999997,年,中期票据,26海江投资MTN001
2029-08-27,0.025,年,中期票据,24中冶MTN010
2026-10-23,0.0384,年,中期票据,23吉安城投MTN001
2029-01-27,0.0147,年,地方政府债,26北京05
2029-05-29,0.032,年,中期票据,24南州旅游MTN001
2027-10-17,0.0223,年,中期票据,24南航股MTN010
2026-10-09,0.0171,到期,超短期融资券,26厦门市政SCP001
2038-12-29,0.031,年,二级资本工具,23口行二级资本债02B
2026-04-19,0.0342,年,中期票据,23京能电力MTN001
2035-11-24,0.0255,年,二级资本工具,25唐山银行二级资本债01
2026-03-31,0.0,到期,同业存单,25中信银行CD407
2034-08-06,0.025699999999999997,年,中期票据,24云南交投MTN003
2027-06-20,0.021,年,普通金融债,24北京农商行债01
2028-03-07,0.025099999999999997,年,中期票据,25河钢集MTN004
2053-03-17,0.034300000000000004,年,政府支持机构债券,23铁道06
2052-10-25,0.031200000000000002,半年,国债,22附息国债24
2026-04-17,0.015,到期,超短期融资券,25京基投SCP001
2030-12-22,0.0191,年,中期票据,25湖州城投MTN006
2028-07-10,0.024,年,中期票据,25象屿MTN006A
2027-04-10,0.0404,年,政策性金融债,17国开10
2034-08-30,0.0222,半年,地方政府债,24江苏债20
2026-02-13,0.0,到期,同业存单,25工商银行CD035
2031-01-08,0.0264,年,政策性金融债,24国开清发01
2027-03-28,0.023799999999999998,年,普通金融债,24浦发银行债02
2027-08-20,0.0223,年,企业债,18首旅债01
2044-08-15,0.0233,半年,国债,24特别国债05
2026-04-08,0.0,到期,同业存单,25工商银行CD131
2026-02-25,0.04,年,中期票据,21南京交建MTN001
2026-05-26,0.0172,到期,超短期融资券,25苏州港SCP004
2026-04-17,0.016,到期,超短期融资券,26沪电力SCP001
2026-03-27,0.014499999999999999,到期,超短期融资券,26伊利实业SCP001(科创债)
2026-03-23,0.038900000000000004,年,中期票据,23晋能电力MTN006
2026-05-09,0.020499999999999997,年,中期票据,23甘公投MTN004
2040-05-26,0.0362,半年,地方政府债,20新疆债21
2026-03-10,0.0,到期,同业存单,25浦发银行CD237
2041-07-23,0.0362,半年,地方政府债,21黑龙江债35
2028-04-29,0.0194,年,中期票据,25川发展MTN002A
2026-02-25,0.04,年,中期票据,21川发展MTN001A
2031-07-28,0.030600000000000002,半年,地方政府债,21湖北债68
2029-01-30,0.0338,半年,地方政府债,19四川02
2030-05-13,0.0288,半年,地方政府债,20广东债56
2028-01-10,0.02,年,中期票据,25赣金控MTN001
2027-10-24,0.0218,年,中期票据,24邮政MTN011
2026-02-11,0.0,到期,同业存单,25华夏银行CD211
2031-01-06,0.03,年,中期票据,26贾汪城投MTN001
2026-02-09,0.0,到期,同业存单,25中信银行CD141
2027-03-14,0.033,年,中期票据,24津保投MTN001
2026-02-09,0.0171,到期,超短期融资券,25广州发展SCP003
2026-04-23,0.0,到期,国债,26贴现国债06
2027-11-20,0.0209,年,中期票据,24华能MTN009
2034-08-08,0.0215,年,二级资本工具,24上海银行二级资本债01
2026-10-13,0.0159,到期,超短期融资券,26中交一航SCP001(科创债)
2026-09-04,0.0166,年,政策性金融债,24国开04
2034-05-22,0.0275,年,二级资本工具,24天津银行二级资本债01
2026-06-26,0.0275,年,普通金融债,23北京银行01
2034-07-12,0.0259,年,二级资本工具,24天津农商行二级资本债01
2026-07-03,0.0,到期,同业存单,25浦发银行CD163
2026-05-19,0.0555,年,中期票据,23华阳新材MTN007
2032-12-08,0.048,年,二级资本工具,22合肥科技二级资本债01
2031-05-24,0.0352,年,政策性金融债,21农发05
2026-04-07,0.0,到期,同业存单,25交通银行CD156
2026-04-08,0.0,到期,同业存单,25建设银行CD162
2026-04-07,0.0,到期,同业存单,25工商银行CD130
2026-11-14,0.0285,年,普通金融债,23广州银行绿色债02
2026-04-30,0.0,到期,同业存单,26南京银行CD035
2029-08-29,0.029900000000000003,年,中期票据,24黄石城发MTN001
2026-02-09,0.048,年,无固定期限资本债券,21九江银行永续债01
2030-04-30,0.0318,年,中期票据,25西安高新MTN008
2056-01-16,0.025099999999999997,半年,地方政府债,26辽宁债02
2027-03-14,0.0287,年,中期票据,24宜兴交通MTN001
2026-03-29,0.032,年,普通金融债,23通商银行
2029-06-21,0.0245,年,中期票据,24湖北宏泰MTN002
2029-03-28,0.038,年,中期票据,24驻马店投MTN002
2027-03-28,0.0354,年,中期票据,22皖交控MTN001
2039-04-25,0.024900000000000002,年,二级资本工具,24农行二级资本债02B
2027-04-15,0.024,年,中期票据,24沪国际MTN001
2026-04-09,0.0,到期,国债,26贴现国债04
2027-01-14,0.032799999999999996,年,中期票据,22恒健MTN001
2028-01-13,0.0232,年,中期票据,25园博园MTN001
2026-10-27,0.015600000000000001,到期,超短期融资券,26皖交控SCP001
2026-03-24,0.033,年,中期票据,23科学城MTN002A
2026-03-05,0.0,到期,同业存单,25招商银行CD004
2028-03-07,0.0286,年,中期票据,25银川通联MTN001
2039-02-05,0.0282,年,二级资本工具,24建行二级资本债01B
2039-02-06,0.027999999999999997,年,二级资本工具,24农行二级资本债01B
2030-01-08,0.0216,年,中期票据,25兴城投资MTN001B
2035-09-09,0.0206,半年,地方政府债,25贵州24
2034-11-20,0.0248,年,保险公司资本补充债,24太平财险资本补充债01
2026-08-07,0.0197,到期,超短期融资券,25象屿SCP003
2028-08-11,0.021,年,中期票据,25晋能煤业MTN013
2026-02-05,0.0,到期,同业存单,25上海银行CD103
2026-04-30,0.015300000000000001,到期,超短期融资券,25皖能股SCP004
2029-01-06,0.02,年,中期票据,26常德城投MTN001
2026-04-14,0.0,到期,同业存单,26交通银行CD012
2028-08-25,0.0235,年,中期票据,25十堰国投MTN001
2027-03-27,0.0265,年,中期票据,24溧阳高新MTN001
2029-09-05,0.023,年,中期票据,24咸宁城发MTN001
2026-02-27,0.0195,到期,中期票据,25邮政MTN002
2043-05-04,0.031200000000000002,半年,地方政府债,23四川债32
2026-06-01,0.017,到期,超短期融资券,26相城城建SCP001
2040-11-28,0.0233,半年,地方政府债,25湖北债118
2026-02-25,0.0,到期,同业存单,25民生银行CD309
2026-03-26,0.0,到期,同业存单,25华夏银行CD100
2033-11-08,0.027200000000000002,半年,地方政府债,23浙江债65
2031-01-08,0.028999999999999998,年,中期票据,26沪建工MTN001
2035-11-10,0.0235,年,二级资本工具,25恒丰银行二级资本债01
2026-08-14,0.0158,到期,超短期融资券,25浦发集团SCP007
2028-08-10,0.0294,年,中期票据,23沪信投MTN001
2026-03-31,0.015300000000000001,到期,超短期融资券,26首旅SCP002
2030-08-21,0.022799999999999997,年,无固定期限资本债券,25成都银行永续债01
2026-04-13,0.0,到期,同业存单,26北京中关村银行CD002
2028-07-21,0.034,年,中期票据,23天心城发MTN001
2033-04-14,0.0294,半年,地方政府债,23广东债23
2029-01-06,0.0168,季,政策性金融债,26国开14
2026-02-11,0.0,到期,同业存单,25兴业银行CD183
2031-05-29,0.0236,年,地方政府债,24河南债18
2040-11-28,0.0235,半年,地方政府债,25河北债79
2030-10-13,0.0277,年,地方政府债,23辽宁债48
2035-08-15,0.0192,半年,地方政府债,25四川债55
2026-06-09,0.0318,年,中期票据,23麓山投资MTN002
2027-03-01,0.0235,年,普通金融债,24建行债01A
2028-07-10,0.0353,年,中期票据,23鲁信MTN003
2028-09-13,0.0259,年,地方政府债,23安徽债95
2026-06-11,0.0,到期,同业存单,25江苏银行CD101
2026-09-18,0.0158,年,政策性金融债,24进出12
2040-09-09,0.0392,半年,地方政府债,20辽宁30
2026-02-12,0.0,到期,同业存单,25兴业银行CD098
2028-01-14,0.019,年,中期票据,25奔驰财务MTN001BC
2027-11-06,0.0336,年,中期票据,24桂金MTN002
2026-02-13,0.0,到期,同业存单,25浙商银行CD025
2027-02-28,0.026000000000000002,年,中期票据,24兆润投资MTN001
2027-06-25,0.041299999999999996,年,中期票据,24绿城房产MTN004
2026-02-13,0.0,到期,同业存单,25北京银行CD122
2026-05-22,0.015600000000000001,到期,超短期融资券,25南京铁建SCP002
2030-02-24,0.0313,半年,地方政府债,20湖南债13
2026-10-11,0.0305,年,中期票据,23南通城建MTN003
2035-09-23,0.020099999999999996,半年,地方政府债,25浙江债58
2026-06-03,0.0,到期,同业存单,25建设银行CD350
2026-04-24,0.0167,到期,证券公司短期融资券,25国泰海通CP012
2033-04-03,0.0296,半年,地方政府债,23四川债21
2029-08-16,0.023,年,中期票据,24中电投MTN016
2027-04-28,0.0365,年,无固定期限资本债券,22中国银行永续债02
2031-12-14,0.0348,年,二级资本工具,21建设银行二级05
2055-08-06,0.021,半年,地方政府债,25天津52
2026-02-08,0.0347,年,中期票据,23川高速MTN003
2029-02-22,0.035,半年,地方政府债,19新疆债05
2030-11-10,0.0235,年,中期票据,25金隅MTN007
2026-06-27,0.032400000000000005,年,中期票据,23华电MTN006B
2026-06-21,0.032400000000000005,年,中期票据,23中建MTN001
2026-09-22,0.0,到期,同业存单,25交通银行CD286
2026-03-05,0.0,到期,同业存单,25建设银行CD117
2028-04-15,0.0262,年,国债,23附息国债08
2027-09-26,0.026000000000000002,年,地方政府债,22陕西债55
2027-01-21,0.0334,年,中期票据,22重庆水务MTN001
2031-05-28,0.043,年,二级资本工具,21广州银行二级
2034-03-19,0.0253,半年,地方政府债,24贵州08
2032-08-04,0.032400000000000005,年,二级资本工具,22宁波银行二级资本债01
2028-02-02,0.0282,年,地方政府债,23湖北债14
2026-02-10,0.0,到期,同业存单,25交通银行CD040
2026-02-13,0.0,到期,同业存单,25建设银行CD331
2028-10-24,0.0208,年,中期票据,25柯桥国资MTN003
2026-02-13,0.0,到期,同业存单,25大连银行CD169
2029-10-10,0.02,年,地方政府债,24天津85
2032-12-03,0.024300000000000002,年,中期票据,25济南高新MTN010B
2026-10-29,0.0197,到期,证券公司短期融资券,25天风证券CP003
2026-07-24,0.0,到期,同业存单,25邮储银行CD033
2028-09-29,0.0259,年,中期票据,25秦皇城投MTN001
2034-08-28,0.027000000000000003,年,中期票据,24蜀道投资MTN012
2029-10-10,0.02,年,地方政府债,24天津88
2026-04-10,0.0189,到期,超短期融资券,25象屿SCP002
2026-08-25,0.0258,年,普通金融债,23南京银行01
2029-01-26,0.028300000000000002,年,地方政府债,22山东债05
2030-03-02,0.030600000000000002,半年,地方政府债,20江苏债05
2026-12-23,0.0,到期,同业存单,25华夏银行CD313
2026-02-12,0.0,到期,同业存单,25上海银行CD108
2046-11-04,0.035,年,政策性金融债,16国开16
2028-01-27,0.0187,年,中期票据,26中电金投MTN001
2040-12-01,0.0223,半年,地方政府债,25上海45
2026-03-22,0.0365,年,中期票据,23晋能装备MTN002(科创票据)
2026-02-14,0.0,到期,同业存单,25遂宁银行CD011
2028-10-17,0.023,年,中期票据,25五矿集MTN009
2027-04-19,0.032400000000000005,年,中期票据,24华发集团MTN007
2031-02-27,0.0255,年,地方政府债,24内蒙古02
2026-05-21,0.0,到期,同业存单,25江苏银行CD088
2033-10-24,0.032799999999999996,年,二级资本工具,23国开行二级资本债01A
2026-07-03,0.0,到期,同业存单,25平安银行CD056
2026-08-04,0.0,到期,同业存单,25华夏银行CD205
2027-12-29,0.0348,年,地方政府债,20天津债86
2026-03-10,0.0149,到期,超短期融资券,25电网SCP017
2028-11-04,0.0192,年,中期票据,25鲁高速MTN009
2028-11-17,0.0223,年,中期票据,25滨建投MTN007
2029-11-01,0.0273,年,无固定期限资本债券,24民生银行永续债02
2026-08-06,0.0,到期,同业存单,25中信银行CD234
2027-07-12,0.021,年,普通金融债,24中信银行债01
2046-01-09,0.024700000000000003,半年,地方政府债,26宁波债06
2030-09-23,0.0277,年,中期票据,25山西文旅MTN004
2029-10-25,0.0245,年,中期票据,24嘉经控股MTN003
2032-10-31,0.0189,年,地方政府债,25山东103
2026-03-12,0.0,到期,同业存单,25农业银行CD084
2028-01-09,0.0232,年,中期票据,25湖南建设MTN001
2029-08-28,0.0256,年,中期票据,24常熟城投MTN003
2026-07-31,0.039900000000000005,年,中期票据,23蔚然投资MTN001(科创票据)
2029-01-27,0.0171,年,中期票据,26华润燃气MTN001
2028-04-16,0.023,年,中期票据,25兴业资产MTN002
2026-10-10,0.037200000000000004,年,中期票据,23丽水南城MTN001
2026-07-21,0.0302,年,中期票据,23华润MTN002
2026-09-17,0.0302,年,国际开发机构债,21新开发银行债02BC
2026-10-24,0.018000000000000002,到期,短期融资券,25伊犁财通CP001
2034-12-12,0.022000000000000002,年,二级资本工具,24四川银行二级资本债
2031-04-25,0.0288,年,中期票据,24合肥产投MTN001B
2028-12-12,0.018500000000000003,年,普通金融债,25浦发银行03
2030-01-13,0.0338,半年,地方政府债,20四川42
2029-09-06,0.0286,年,地方政府债,22内蒙古债28
2026-08-19,0.0,到期,同业存单,25北京农商银行CD168
2029-09-02,0.0287,年,地方政府债,22辽宁债26
2026-09-18,0.0,到期,同业存单,25农业银行CD322
2026-08-06,0.0,到期,同业存单,25建设银行CD315
2026-07-09,0.0,到期,同业存单,26徽商银行CD002
2026-06-05,0.0,到期,同业存单,25农业银行CD424
2027-03-15,0.028999999999999998,年,中期票据,24淮安新城MTN003
2027-02-28,0.026600000000000002,年,中期票据,24先行控股MTN002
2036-01-07,0.021,年,中期票据,26申迪MTN001
2029-03-20,0.0304,年,中期票据,24重庆物流MTN001
2035-08-21,0.02,半年,地方政府债,25山东债77
2026-02-26,0.0,到期,同业存单,25徽商银行CD165
2029-04-10,0.027000000000000003,年,中期票据,24海淀国资MTN003A
2026-07-24,0.02,到期,短期融资券,25静海城投CP003
2030-01-17,0.0334,半年,地方政府债,20山东03
2028-12-16,0.023700000000000002,年,中期票据,25电建海投MTN002
2030-05-09,0.0276,年,中期票据,25淮北建投MTN004
2026-07-23,0.0242,年,中期票据,21温岭国资MTN002
2034-08-29,0.0268,年,中期票据,24金桥集团MTN002B
2030-01-13,0.0338,半年,地方政府债,20四川35
2030-01-14,0.0337,半年,地方政府债,20江苏03
2028-09-04,0.0195,年,中期票据,25力合科创MTN002(科创债)
2037-08-22,0.0332,年,二级资本工具,22工行二级资本债03B
2030-01-17,0.0334,半年,地方政府债,20福建债01
2026-03-20,0.0,到期,同业存单,25交通银行CD150
2026-03-16,0.0,到期,同业存单,25浙商银行CD114
2026-12-25,0.0,到期,同业存单,25交通银行CD293
2028-08-14,0.022000000000000002,年,中期票据,25浙商资产MTN001
2026-07-05,0.029900000000000003,年,中期票据,23国联MTN004
2026-10-26,0.022000000000000002,到期,超短期融资券,26畅途租赁SCP001
2030-01-03,0.0338,半年,地方政府债,20四川18
2030-11-18,0.021099999999999997,年,中期票据,25北控水集MTN002B
2070-05-25,0.0373,半年,国债,20附息国债07
2026-03-05,0.0,到期,同业存单,25郑州银行CD159
2026-03-03,0.0,到期,同业存单,25郑州银行CD158
2026-02-12,0.0,到期,同业存单,25成都银行CD111
2026-03-13,0.0,到期,同业存单,25光大银行CD070
2026-03-11,0.0,到期,同业存单,25北京银行CD208
2036-01-27,0.0242,年,中期票据,26诚通控股MTN001A(科创债)
2026-02-25,0.0,到期,同业存单,25徽商银行CD164
2035-09-05,0.0199,半年,地方政府债,25河北债58
2054-09-27,0.022099999999999998,半年,地方政府债,24江苏债29
2028-11-07,0.0254,年,中期票据,25鲁钢铁MTN016B
2027-08-02,0.034,年,中期票据,22江苏高科MTN002(科创票据)
2032-11-15,0.030299999999999997,年,二级资本工具,22交行二级资本债02A
2035-12-10,0.0287,年,中期票据,25乌城投MTN003B
2028-02-12,0.023,年,中期票据,25青岛海控MTN002(科创票据)
2026-03-23,0.044199999999999996,年,无固定期限资本债券,21邮储银行永续债01
2026-02-06,0.0,到期,同业存单,25建设银行CD314
2028-11-21,0.0219,年,中期票据,25冀交投MTN004
2027-11-22,0.021,年,中期票据,24苏国信MTN008
2026-02-25,0.0,到期,同业存单,25广州农村商业银行CD093
2028-10-24,0.023799999999999998,年,中期票据,25襄阳高新MTN001
2030-11-27,0.0227,年,中期票据,25汉江国资MTN001B
2026-03-20,0.017,到期,超短期融资券,25常城建SCP004
2030-03-25,0.027999999999999997,年,国债,23附息国债06
2029-07-12,0.0374,年,政策性金融债,19农发06
2029-01-25,0.0375,年,政策性金融债,19农发01
2026-05-14,0.0,到期,同业存单,25华夏银行CD278
2026-07-21,0.0296,年,中期票据,24云能投MTN008
2026-04-17,0.015700000000000002,到期,超短期融资券,25宁沪高SCP008
2026-03-24,0.0,到期,同业存单,25光大银行CD076
2043-06-20,0.030299999999999997,半年,地方政府债,23重庆债24
2032-07-11,0.029300000000000003,半年,地方政府债,22江苏债24
2026-10-16,0.0287,年,中期票据,23沪国资MTN002
2049-08-26,0.0388,半年,地方政府债,19湖南29
2026-02-13,0.0171,到期,超短期融资券,25鄂交投SCP003
2026-08-26,0.0154,到期,超短期融资券,26电网SCP004
2026-07-29,0.0,到期,同业存单,25平安银行CD134
2050-09-21,0.0407,半年,地方政府债,20重庆债14
2028-11-27,0.0215,年,中期票据,25津城建MTN015
2028-07-06,0.045,年,中期票据,23渝惠通MTN001
2030-10-29,0.035,年,中期票据,25太重MTN009(科创债)
2026-08-19,0.0,到期,同业存单,25工商银行CD243
2027-01-06,0.0385,年,政策性金融债,17农发05
2030-06-12,0.0179,年,普通金融债,25南京银行科创债01BC
2026-07-07,0.0,到期,同业存单,25农业银行CD208
2034-04-26,0.046900000000000004,年,二级资本工具,19工商银行二级04
2029-08-08,0.0174,半年,中期票据,25潞安MTN004
2026-11-10,0.034,年,普通金融债,23福特汽车债03
2028-01-09,0.0173,年,中期票据,25大兴发展MTN001
2026-08-18,0.017,到期,超短期融资券,25吴中经发SCP017
2028-08-11,0.0178,年,中期票据,25赣水投MTN004A
2026-02-28,0.0,到期,同业存单,25浦发银行CD311
2026-08-06,0.0167,到期,证券公司短期融资券,25浙商证券CP008
2026-07-15,0.0,到期,同业存单,25南京银行CD152
2047-10-23,0.042800000000000005,半年,国债,17附息国债22
2026-04-21,0.032,年,中期票据,23锡产业MTN005
2026-03-27,0.0161,到期,超短期融资券,26中电路桥SCP001
2029-07-24,0.024,年,中期票据,24阿克苏MTN001
2026-10-26,0.0172,到期,超短期融资券,26烟台蓝天SCP001
2026-02-24,0.0168,到期,超短期融资券,25泉州交通SCP003
2026-09-21,0.028999999999999998,年,普通金融债,23合肥科技农商行绿债01
2035-08-11,0.0187,半年,地方政府债,25河北债43
2028-07-29,0.0225,年,中期票据,25淮北建投MTN008
2029-01-22,0.021400000000000002,年,中期票据,26佛燃能源MTN001
2030-09-15,0.026000000000000002,年,国债,23附息国债19
2028-03-24,0.022799999999999997,年,中期票据,25中电投MTN008(能源保供特别债)
2027-03-20,0.041100000000000005,年,政策性金融债,17进出03
2035-12-01,0.019299999999999998,半年,地方政府债,25上海51
2054-10-25,0.023700000000000002,半年,地方政府债,24江苏债31
2026-02-24,0.0,到期,同业存单,25温州银行CD187
2055-02-07,0.019299999999999998,半年,地方政府债,25浙江债03
2026-08-18,0.0,到期,同业存单,25中国银行CD056
2026-11-05,0.0,到期,同业存单,25工商银行CD272
2030-04-29,0.028900000000000002,年,中期票据,25临沂经开MTN001A
2026-05-29,0.017,到期,超短期融资券,25苏州轨交SCP002
2030-04-17,0.0296,年,政策性金融债,20农发04
2026-09-23,0.0179,到期,短期融资券,25汉江国资CP003
2028-12-28,0.0325,年,无固定期限资本债券,23建信人寿永续债01
2027-04-17,0.024300000000000002,年,中期票据,24巨石MTN001
2026-07-27,0.049,年,中期票据,23盐城国投MTN002
2026-11-03,0.027000000000000003,半年,国债,16附息国债23
2027-07-25,0.0233,年,中期票据,24津城建MTN028A
2026-02-06,0.0154,到期,超短期融资券,25越秀集团SCP005
2029-01-09,0.021400000000000002,年,中期票据,26金家岭MTN001
2030-12-09,0.022400000000000003,年,中期票据,25北控水集MTN003
2026-08-07,0.0165,到期,证券公司短期融资券,25财通证券CP004
2026-07-07,0.0,到期,同业存单,26交通银行CD003
2026-03-12,0.0167,到期,证券公司短期融资券,25开源证券CP003
2028-03-07,0.0255,年,中期票据,24国新租赁MTN002
2026-03-10,0.0,到期,同业存单,25光大银行CD064
2030-11-19,0.0327,半年,国债,20附息国债16
2035-12-15,0.020499999999999997,半年,地方政府债,25江西债82
2027-06-26,0.023399999999999997,年,普通金融债,24加拿大银行债01BC
2027-02-23,0.0274,年,政策性金融债,22农发02
2026-03-23,0.044800000000000006,年,企业债,21汉江国投债01
2026-03-03,0.0183,到期,超短期融资券,25海诺投资SCP003
2026-02-26,0.0,到期,同业存单,25成都银行CD119
2030-07-21,0.0222,年,中期票据,25晋能煤业MTN011
2053-09-27,0.030899999999999997,半年,地方政府债,23河北债60
2026-02-12,0.0,到期,同业存单,25建设银行CD054
2028-08-13,0.0242,年,中期票据,25乌交旅MTN003
2026-12-22,0.0,到期,同业存单,25农业银行CD442
2028-03-27,0.0268,年,中期票据,25中荥投资MTN003
2026-07-22,0.0,到期,同业存单,26中信银行CD024
2032-04-25,0.0166,年,地方政府债,25江苏债26
2027-04-23,0.03,年,中期票据,24大丰海港MTN001
2027-01-26,0.0,到期,同业存单,26浦发银行CD020
2026-07-25,0.0281,半年,地方政府债,16上海债04
2028-11-10,0.0179,年,中期票据,25北京燃气MTN003(科创债)
2039-07-25,0.040999999999999995,年,政府支持机构债券,19铁道04
2027-04-10,0.0242,年,中期票据,24深圳资本MTN001
2028-09-25,0.0232,年,中期票据,25泰兴城投MTN005
2026-02-25,0.0,到期,同业存单,25青岛农商行CD111
2028-03-23,0.039,年,中期票据,23珠海华发MTN001
2026-08-25,0.037000000000000005,年,中期票据,21汉江国资MTN005
2027-01-27,0.0,到期,同业存单,26杭州银行CD026
2026-09-11,0.0,到期,同业存单,25广发银行CD241
2045-07-23,0.020499999999999997,半年,地方政府债,25重庆债35
2026-02-27,0.0,到期,同业存单,25南京银行CD182
2035-05-27,0.0349,年,二级资本工具,25富邦华一二级资本债01
2026-06-03,0.0,到期,同业存单,25建设银行CD419
2026-03-05,0.0,到期,国债,25贴现国债53
2028-09-26,0.019,年,普通金融债,25萧山农商行绿债01
2026-02-12,0.0,到期,同业存单,25建设银行CD327
2026-02-26,0.0168,到期,证券公司短期融资券,25国泰海通CP007
2026-02-11,0.0,到期,同业存单,25农业银行CD254
2030-05-15,0.0291,半年,地方政府债,20辽宁债11
2028-12-22,0.024,年,中期票据,25五冶集MTN001(科创债)
2032-01-25,0.028900000000000002,半年,地方政府债,22广东债01
2028-03-08,0.028999999999999998,年,政策性金融债,23农发03
2028-09-16,0.020499999999999997,年,中期票据,25张家城投MTN001
2028-10-30,0.027999999999999997,年,地方政府债,23河北债61
2026-06-18,0.0,到期,同业存单,25建设银行CD259
2030-05-08,0.024,年,中期票据,25晋能电力MTN006
2036-10-30,0.038,半年,政策性金融债,06国开24
2026-09-28,0.0,到期,同业存单,25农业银行CD337
2030-07-11,0.0195,年,中期票据,25镇江城投MTN005
2038-12-19,0.0325,年,二级资本工具,23中信银行二级资本债01B
2027-01-14,0.0345,年,中期票据,22华侨城MTN001B
2034-06-07,0.0273,年,绿色债务融资工具,24福州地铁GN001(碳中和债)
2026-04-26,0.04,年,中期票据,21京城投MTN001B
2026-08-11,0.0325,年,中期票据,23义乌市场MTN001
2029-05-09,0.026000000000000002,年,中期票据,24赣水投MTN004
2026-02-26,0.0,到期,国债,25贴现国债74
2029-06-27,0.0394,年,中期票据,22川能投MTN002
2026-12-03,0.0345,年,中期票据,21深圳特发MTN002
2026-10-18,0.0375,年,中期票据,23常德城投MTN003
2026-09-29,0.0,到期,同业存单,25建设银行CD387
2034-08-09,0.024399999999999998,年,中期票据,24福州新发MTN004
2028-04-20,0.032400000000000005,年,中期票据,23徐州新盛MTN002
2029-03-14,0.043,年,中期票据,24大足永晟MTN001
2026-04-29,0.0,到期,同业存单,26深圳农商银行CD009
2027-05-08,0.0453,年,中期票据,24农谷实业MTN001
2036-01-20,0.0212,年,中期票据,26洋河MTN001
2027-04-20,0.027999999999999997,年,中期票据,22临沂商城MTN001
2026-03-06,0.0,到期,同业存单,25农业银行CD070
2034-04-29,0.0245,年,二级资本工具,24交行二级资本债01A
2027-01-28,0.0,到期,同业存单,26浙商银行CD021
2035-03-26,0.0227,年,中期票据,25电网MTN017
2033-08-24,0.0335,年,二级资本工具,23成都银行二级资本债01
2026-10-26,0.0337,年,中期票据,23芜湖建设MTN004
2031-01-07,0.020499999999999997,年,中期票据,26上虞交通MTN001
2026-11-03,0.032,年,中期票据,23中交城投MTN001(可持续挂钩)
2026-02-27,0.0,到期,同业存单,25渤海银行CD316
2026-06-17,0.0,到期,同业存单,25农业银行CD317
2029-01-21,0.019,年,中期票据,26昆山银桥MTN001
2028-02-05,0.0344,年,地方政府债,21河南债01
2026-04-15,0.0159,到期,超短期融资券,25中粮SCP003
2026-02-10,0.0,到期,同业存单,25吉林银行CD133
2026-02-10,0.0,到期,同业存单,25吉林银行CD131
2026-11-05,0.0,到期,同业存单,25广发银行CD296
2026-04-24,0.0,到期,同业存单,25农业银行CD131
2026-04-26,0.0277,年,普通金融债,23兴业银行绿债01
2033-04-14,0.0294,半年,地方政府债,23广东债22
2027-12-28,0.0275,年,企业债,20绍兴柯岩专项债01
2026-11-27,0.027999999999999997,年,中期票据,24冀中能源MTN019(科创票据)
2026-05-28,0.0,到期,同业存单,25光大银行CD169
2034-05-22,0.025,年,二级资本工具,24兴业银行二级资本债01
2030-03-31,0.0173,年,地方政府债,25天津11
2035-09-17,0.0452,年,二级资本工具,20浦发银行二级04
2036-12-15,0.0374,年,二级资本工具,21工商银行二级03
2027-08-03,0.020499999999999997,年,企业债,20义乌经开债
2026-03-27,0.0,到期,同业存单,25农业银行CD203
2032-08-29,0.031,年,二级资本工具,22光大银行二级资本债01A
2026-03-19,0.0,到期,同业存单,25农业银行CD096
2026-07-14,0.0,到期,同业存单,25广发银行CD195
2026-04-26,0.042,年,无固定期限资本债券,21中信银行永续债
2026-02-26,0.0,到期,同业存单,25中信银行CD369
2026-04-30,0.0168,到期,超短期融资券,26夏商SCP004
2026-08-21,0.021099999999999997,年,中期票据,24贵州高速MTN008
2026-08-28,0.022000000000000002,年,中期票据,24浪潮电子MTN001(绿色科创)
2026-11-03,0.0178,到期,证券公司短期融资券,25东海证券CP002
2026-11-04,0.0,到期,同业存单,25光大银行CD237
2026-06-30,0.0608,年,中期票据,23贾汪城投MTN002
2033-11-02,0.030899999999999997,半年,地方政府债,23天津债94
2026-04-21,0.059000000000000004,年,中期票据,23冀中能源MTN003B(科创票据)
2026-03-04,0.0,到期,同业存单,25南京银行CD191
2027-05-30,0.0252,年,中期票据,24保利发展MTN004
2028-09-22,0.0199,年,中期票据,25南航集MTN002
2026-04-30,0.0151,到期,超短期融资券,25苏交通SCP017
2026-04-16,0.0305,年,中期票据,23嘉定工业MTN001
2026-02-11,0.015600000000000001,到期,超短期融资券,25一汽租赁SCP003
2030-03-07,0.0345,年,中期票据,25中冶置业MTN001
2026-02-13,0.019,到期,超短期融资券,25中航租赁SCP006
2027-12-22,0.048,年,无固定期限资本债券,22北部湾银行永续债01
2026-02-06,0.0168,到期,证券公司短期融资券,25东财证券CP006
2028-02-24,0.034,年,中期票据,23蓉城轨交MTN002
2029-01-12,0.0318,年,中期票据,24宜春城投MTN001
2029-11-08,0.0269,年,无固定期限资本债券,24苏州银行永续债01
2026-08-06,0.0,到期,同业存单,25交通银行CD181
2026-03-25,0.018000000000000002,到期,短期融资券,25苏国信CP001
2026-07-11,0.0178,到期,短期融资券,25乌城轨CP001
2026-11-06,0.0,到期,同业存单,25交通银行CD249
2026-04-23,0.0168,到期,证券公司短期融资券,25国金证券CP006
2026-02-10,0.0,到期,同业存单,25宁波银行CD237
2026-07-01,0.0315,到期,超短期融资券,25华侨城SCP007
2026-06-11,0.0,到期,同业存单,25中国银行CD026
2026-07-06,0.033,年,中期票据,23吴中国太MTN001
2026-09-29,0.0,到期,同业存单,25光大银行CD213
2026-09-30,0.0155,到期,超短期融资券,26东航股SCP001
2026-02-06,0.017,到期,证券公司短期融资券,25方正证券CP002
2026-02-13,0.0,到期,同业存单,25北京银行CD018
2031-01-08,0.021099999999999997,年,中期票据,26蜀道投资MTN001
2031-08-13,0.03,半年,地方政府债,21浙江债29
2030-01-17,0.0334,半年,地方政府债,20福建债07
2027-01-28,0.0,到期,同业存单,26民生银行CD026
2030-01-03,0.0338,半年,地方政府债,20四川08
2027-01-08,0.0,到期,同业存单,26浦发银行CD006
2031-09-08,0.0308,半年,地方政府债,21河北债38
2030-08-05,0.023799999999999998,年,中期票据,25绍兴高新MTN001
2030-07-09,0.023799999999999998,年,中期票据,25武夷投资MTN003
2028-03-18,0.033,年,中期票据,25华发集团MTN001(绿色)
2028-12-19,0.0245,年,中期票据,25晋能煤业MTN021(科创债)
2026-06-09,0.0,到期,同业存单,25建设银行CD245
2026-03-11,0.0,到期,同业存单,25农业银行CD430
2029-06-18,0.023799999999999998,年,无固定期限资本债券,24太保寿险永续债01
2026-02-26,0.0,到期,同业存单,25中信银行CD268
2026-06-16,0.0,到期,同业存单,25建设银行CD431
2028-08-16,0.044199999999999996,年,中期票据,23南昌金开MTN002
2030-01-16,0.0195,年,中期票据,25湖州城投MTN001
2028-08-08,0.0179,年,中期票据,25中盐MTN002
2026-05-26,0.0,到期,同业存单,25工商银行CD186
2028-10-16,0.023,年,中期票据,25宿州城投MTN004
2026-02-12,0.0,到期,同业存单,25浦发银行CD036
2026-11-03,0.0364,年,中期票据,23常德城投MTN004
2028-04-02,0.0233,年,中期票据,25甘公投MTN002
2026-05-22,0.0,到期,同业存单,25建设银行CD220
2035-09-30,0.0215,半年,地方政府债,25内蒙古债26
2035-05-26,0.021,年,中期票据,25金牛城投MTN001
2027-04-08,0.0255,年,中期票据,22光大绿环MTN001BC(绿色)
2027-06-16,0.042,年,无固定期限资本债券,22民生银行永续债01
2030-05-30,0.0286,年,中期票据,25巩义新城MTN001
2028-07-13,0.0395,年,无固定期限资本债券,23厦门银行永续债01
2026-06-09,0.0,到期,同业存单,25工商银行CD200
2026-09-24,0.0,到期,同业存单,25建设银行CD382
2028-12-10,0.0288,年,中期票据,25天恒置业MTN006
2026-12-25,0.0,到期,同业存单,25光大银行CD275
2030-11-20,0.0297,年,中期票据,25泰山财金MTN006
2029-07-05,0.0273,年,中期票据,24豫航空港MTN013
2030-04-28,0.023700000000000002,年,中期票据,25日照城投MTN003A
2026-09-23,0.0,到期,同业存单,25中国银行CD065
2026-04-07,0.0,到期,同业存单,25浦发银行CD099
2027-12-17,0.0189,年,中期票据,24湘高速MTN021
2026-03-22,0.0152,到期,超短期融资券,25电网SCP022
2032-10-17,0.039,年,二级资本工具,22稠州商行二级资本债01
2027-02-27,0.0259,年,中期票据,24大唐发电MTN002
2027-01-22,0.0,到期,同业存单,26浙商银行CD016
2026-03-24,0.0,到期,同业存单,25民生银行CD153
2030-06-12,0.0227,年,中期票据,25五矿集MTN004
2026-12-29,0.0,到期,同业存单,25工商银行CD285
2034-07-04,0.024700000000000003,年,中期票据,24中车集MTN003
2029-03-27,0.0255,年,中期票据,24宁波国贸MTN001
2027-07-11,0.023,年,中期票据,22赣州建投MTN003
2026-11-28,0.032,年,普通金融债,23法农银行债02
2026-07-14,0.029500000000000002,年,普通金融债,23法农银行债01
2026-09-25,0.029900000000000003,年,普通金融债,23渣打银行01
2024-12-26,0.0,到期,同业存单,23星展银行
2026-03-23,0.0325,年,普通金融债,23法巴中国债01
2029-05-21,0.0365,年,政策性金融债,19国开10
2026-03-20,0.0,到期,同业存单,25交通银行CD088
2027-01-26,0.0,到期,同业存单,26浙商银行CD019
2036-01-28,0.02,年,中期票据,26成都产投MTN001
2026-09-21,0.034,年,中期票据,23晋焦煤MTN002
2027-04-17,0.026699999999999998,年,中期票据,24鲁钢铁MTN004
2026-12-01,0.0377,年,中期票据,23晋能装备MTN008
2026-07-19,0.031400000000000004,年,中期票据,23宜兴城投MTN001
2027-01-20,0.0,到期,同业存单,26光大银行CD005
2027-06-28,0.0278,年,中期票据,24怀化高新MTN001
2026-02-10,0.0347,年,中期票据,23冀交投MTN001
2026-11-01,0.031,年,普通金融债,23信达金融债01
2027-03-15,0.0159,年,国债,25附息国债06
2029-09-05,0.023,年,无固定期限资本债券,24成都农商行永续债01
2030-07-11,0.0325,年,中期票据,25乳山国运MTN001
2032-05-15,0.015700000000000002,年,国债,25注资特别国债02
2026-11-24,0.028300000000000002,年,普通金融债,23厦门国际银行01
2026-02-13,0.015300000000000001,到期,超短期融资券,25宝钢SCP001(科创债)
2029-09-13,0.026000000000000002,年,中期票据,24西汇投资MTN001A
2026-02-25,0.0,到期,同业存单,25兴业银行CD048
2055-12-19,0.025099999999999997,半年,地方政府债,25新疆债78
2034-12-10,0.0204,半年,地方政府债,24云南债39
2032-06-17,0.0345,年,二级资本工具,22建设银行二级01
2028-04-12,0.0435,年,企业债,21望海潮债01
2026-02-27,0.0,到期,同业存单,25中原银行CD043
2026-08-12,0.0269,年,国债,21附息国债11
2026-06-08,0.022799999999999997,年,中期票据,23淮南产业MTN002
2030-12-05,0.0225,年,中期票据,25四川港投MTN006
2029-09-23,0.020499999999999997,年,中期票据,24汇金MTN007
2027-02-24,0.0433,年,无固定期限资本债券,22中国信达债01
2026-03-20,0.0,到期,同业存单,25建设银行CD140
2026-03-23,0.018600000000000002,到期,超短期融资券,25淮安开发SCP005
2026-04-02,0.0168,到期,超短期融资券,25嘉兴滨海SCP002
2027-02-28,0.0255,年,普通金融债,24招联消费金融债01
2029-04-26,0.0265,年,中期票据,24武汉水务MTN002
2026-03-18,0.0169,到期,证券公司短期融资券,25东兴证券CP004
2033-03-31,0.036699999999999997,年,保险公司资本补充债,23农银人寿资本补充债01
2032-10-14,0.0297,年,政策性金融债,22农发10
2026-02-17,0.030600000000000002,年,普通金融债,23湖南银行小微债01
2029-01-12,0.0253,年,中期票据,26沈阳地铁MTN001
2028-02-19,0.0273,年,中期票据,25泰安城投MTN002
2026-04-14,0.032400000000000005,年,中期票据,23冀交投MTN004
2030-08-15,0.026000000000000002,年,无固定期限资本债券,25通商银行永续债01
2030-07-16,0.022099999999999998,年,中期票据,25陕投集团MTN004
2026-02-25,0.0,到期,同业存单,25贵州银行CD015
2028-07-31,0.025,年,中期票据,25日照城投MTN004
2028-12-04,0.023700000000000002,年,中期票据,25昆山水务MTN001(可持续挂钩)
2026-02-27,0.0,到期,同业存单,25珠海华润银行CD035
2026-06-26,0.0,到期,同业存单,25云南红塔银行CD028
2030-08-26,0.0252,年,中期票据,25昆山国创MTN004(可持续挂钩)
2038-10-23,0.0353,年,二级资本工具,23中行二级资本债03B
2028-04-28,0.024,年,中期票据,25京建产MTN001
2030-12-04,0.0269,年,中期票据,25济南能源MTN003B
2028-04-29,0.0215,年,中期票据,25黔晟国资MTN002A
2028-10-23,0.0197,年,中期票据,25南航股MTN010
2026-03-26,0.0,到期,同业存单,25恒丰银行CD187
2026-04-07,0.0,到期,同业存单,25华夏银行CD108
2026-04-08,0.0,到期,同业存单,25浦发银行CD101
2040-11-28,0.0231,半年,地方政府债,25河北债72
2026-02-11,0.0,到期,同业存单,25恒丰银行CD235
2055-09-30,0.0245,半年,地方政府债,25河北债62
2030-04-11,0.0215,年,中期票据,25平阳国诚MTN001
2026-05-05,0.043,年,企业债,19东营财金债02
2026-03-09,0.0,到期,同业存单,25民生银行CD327
2055-12-19,0.025099999999999997,半年,地方政府债,25新疆债73
2026-05-22,0.0268,年,普通金融债,23民生银行01
2028-09-01,0.038,年,中期票据,23豫交投MTN007
2043-05-19,0.03,半年,地方政府债,23广东债33
2026-05-12,0.0,到期,同业存单,25平安银行CD054
2026-09-18,0.0,到期,同业存单,25交通银行CD218
2028-05-13,0.0183,年,中期票据,25科大讯飞MTN001(科创债)
2026-02-25,0.0,到期,同业存单,25重庆银行CD055
2026-06-17,0.0,到期,同业存单,25交通银行CD215
2026-05-14,0.0,到期,同业存单,25交通银行CD258
2030-01-13,0.0338,半年,地方政府债,20四川25
2026-06-18,0.0176,到期,超短期融资券,25上海医药SCP003
2043-04-14,0.0316,半年,地方政府债,23广东债21
2026-12-16,0.0,到期,同业存单,25华夏银行CD302
2026-12-16,0.0,到期,同业存单,25华夏银行CD301
2026-07-21,0.0349,年,中期票据,23南京浦口MTN003
2027-07-15,0.0194,年,地方政府债,24湖南22
2027-07-02,0.0246,年,中期票据,24京住总集MTN001
2026-11-28,0.015,到期,地方政府债,25湖北债108
2026-05-29,0.0,到期,同业存单,25工商银行CD197
2028-03-04,0.0274,年,中期票据,25豫航空港MTN003
2028-01-09,0.024,年,中期票据,25北部湾MTN001A
2028-03-03,0.024700000000000003,年,中期票据,25顺鑫MTN002
2026-02-13,0.0,到期,同业存单,25浦发银行CD039
2026-02-27,0.0,到期,同业存单,25大连银行CD178
2026-02-26,0.0,到期,同业存单,25大连银行CD175
2026-03-23,0.0,到期,同业存单,25中国银行CD034
2027-07-10,0.0339,年,政策性金融债,20国开09
2026-03-20,0.026000000000000002,到期,短期融资券,25象屿CP002
2030-02-20,0.0252,年,中期票据,25晋江城投MTN002
2030-09-25,0.035,年,中期票据,25自贡高新MTN003
2030-04-16,0.0298,年,中期票据,25曹妃国控MTN003B
2031-07-20,0.0392,年,中期票据,21国新控股MTN001
2030-02-24,0.026000000000000002,年,中期票据,25昆山国创MTN002
2027-11-06,0.0255,年,绿色债务融资工具,24郑州地铁GN002
2026-05-16,0.0288,年,普通金融债,23渤海银行01
2026-06-05,0.0,到期,同业存单,25交通银行CD197
2027-12-03,0.032799999999999996,年,国债,20附息国债17
2026-05-12,0.0,到期,同业存单,25中信银行CD361
2031-05-10,0.023799999999999998,年,地方政府债,24山东债18
2034-06-24,0.0259,年,二级资本工具,24兰州银行二级资本债01
2026-02-26,0.0,到期,同业存单,26交通银行CD033
2026-07-17,0.0,到期,同业存单,25浦发银行CD184
2027-05-17,0.0455,年,无固定期限资本债券,22恒丰银行永续债
2026-03-09,0.0,到期,同业存单,25南京银行CD232
2026-02-13,0.0,到期,同业存单,25贵阳银行CD104
2028-08-09,0.029300000000000003,年,中期票据,23川投资MTN001
2026-07-17,0.0,到期,同业存单,25中信银行CD204
2026-03-26,0.048,年,无固定期限资本债券,21厦门银行永续债01
2030-10-20,0.0259,年,中期票据,25锡交通MTN002
2027-01-12,0.0323,年,中期票据,22粤交投MTN001
2026-08-18,0.0167,到期,超短期融资券,25京能电力SCP001
2026-07-13,0.0,到期,同业存单,25平安银行CD107
2026-02-13,0.0,到期,同业存单,26深圳前海微众银行CD003
2033-05-04,0.0291,半年,地方政府债,23浙江债19
2030-01-03,0.0338,半年,地方政府债,20河南债10
2031-07-28,0.027000000000000003,年,中期票据,25建发地产MTN005
2043-07-03,0.0297,半年,地方政府债,23浙江债37
2036-01-20,0.02,半年,地方政府债,26浙江债06
2027-03-20,0.0274,年,中期票据,24中冶MTN004
2031-09-11,0.020099999999999996,年,政策性金融债,24农发清发17
2028-09-26,0.0208,年,普通金融债,25西安银行01
2029-01-17,0.0545,年,中期票据,24巴中国资MTN001
2026-09-18,0.0192,到期,短期融资券,25红狮CP001
2027-11-15,0.0235,年,中期票据,24苏州轨交MTN001
2026-03-03,0.031,年,中期票据,23光大环境MTN001
2026-02-28,0.0,到期,同业存单,25中信银行CD068
2026-10-20,0.017,到期,超短期融资券,26中山公用SCP001
2026-07-22,0.017,到期,超短期融资券,26珠海港SCP003
2026-02-12,0.0168,到期,超短期融资券,25粤科金融SCP003
2030-11-17,0.0232,年,无固定期限资本债券,25厦门银行永续债01
2026-03-15,0.016399999999999998,到期,超短期融资券,25厦翔业SCP002
2026-03-06,0.021099999999999997,季,政策性金融债,23国开14
2027-01-19,0.0,到期,同业存单,26广发银行CD014
2045-12-01,0.0242,半年,地方政府债,25广东债76
2045-05-21,0.0202,半年,地方政府债,25浙江债25
2026-10-23,0.024,到期,超短期融资券,26江西文演SCP001
2034-08-22,0.0223,年,二级资本工具,24重庆银行二级资本债01
2026-03-04,0.036000000000000004,年,中期票据,24鲁宏桥MTN003
2026-02-05,0.0,到期,同业存单,25南京银行CD168
2032-06-06,0.030600000000000002,年,政策性金融债,22农发05
2034-08-25,0.021099999999999997,半年,国债,24附息国债17
2041-06-23,0.045,半年,国债,11附息国债16
2026-07-26,0.0433,年,中期票据,23江北新区MTN008
2029-10-22,0.0215,年,中期票据,24中电投MTN024B
2034-09-05,0.0285,年,二级资本工具,24盛京银行二级资本债01
2026-07-25,0.0163,到期,超短期融资券,26三一SCP001(科创债)
2045-07-30,0.0213,半年,地方政府债,25四川债49
2026-02-28,0.0359,年,中期票据,23龙城发展MTN001
2032-12-29,0.048,年,二级资本工具,22盛京银行二级资本债01
2026-05-27,0.0,到期,同业存单,25农业银行CD169
2028-09-22,0.0268,年,中期票据,25鄂联投MTN009
2026-11-05,0.036000000000000004,年,中期票据,21蜀道投资MTN003
2028-12-11,0.031400000000000004,年,中期票据,23中信集团MTN005A
2026-08-25,0.0297,年,中期票据,23大唐集MTN011
2028-08-28,0.0321,年,无固定期限资本债券,23农行永续债01
2026-10-22,0.0,到期,同业存单,26南京银行CD018
2032-03-03,0.0177,年,地方政府债,25广东债10
2026-12-23,0.0,到期,同业存单,25民生银行CD344
2026-11-13,0.0,到期,同业存单,25浦发银行CD295
2026-08-18,0.0315,年,中期票据,23中铁十一MTN002(科创票据)
2028-04-28,0.0235,年,中期票据,25德源投资MTN001
2029-09-20,0.0345,年,政策性金融债,19国开15
2026-08-14,0.0,到期,同业存单,25中信银行CD248
2026-03-31,0.0,到期,同业存单,25江苏银行CD059
2030-06-09,0.018500000000000003,年,普通金融债,25重庆银行科创债01
2027-04-14,0.0475,年,普通金融债,17中国信达债03
2033-12-05,0.033,年,二级资本工具,23中行二级资本债04A
2032-07-18,0.0168,年,地方政府债,25山东债64
2055-09-09,0.0232,半年,地方政府债,25广东债49
2027-11-05,0.0197,年,中期票据,25闽能源MTN005
2027-03-29,0.0335,年,中期票据,24阜宁城发MTN001
2026-04-08,0.0,到期,同业存单,25中信银行CD110
2026-03-05,0.0,到期,同业存单,25工商银行CD084
2026-07-21,0.0305,年,中期票据,23金融资本MTN001
2026-07-25,0.0278,年,普通金融债,23通商银行02
2026-07-30,0.0,到期,同业存单,25重庆三峡银行CD078
2026-09-03,0.0209,年,中期票据,24宝钢MTN001(科创票据)
2029-10-24,0.0202,年,TLAC非资本债券,25工行TLAC非资本债01BC
2026-03-06,0.0,到期,同业存单,25江苏银行CD096
2026-05-15,0.0179,到期,证券公司短期融资券,25华创证券CP001
2029-01-08,0.0348,年,政策性金融债,19国开05
2026-10-30,0.0,到期,同业存单,25中国银行CD070
2026-02-12,0.023399999999999997,到期,短期融资券,25象屿CP001
2026-03-02,0.0,到期,同业存单,25宁波银行CD264
2030-03-09,0.0405,年,企业债,23嘉高新债01
2026-02-26,0.030299999999999997,年,中期票据,24武清经开MTN004
2028-12-11,0.035,年,无固定期限资本债券,23人保健康永续债
2026-04-30,0.0,到期,同业存单,26哈尔滨银行CD015
2027-09-05,0.0202,年,中期票据,24汇金MTN006
2026-04-23,0.0,到期,同业存单,25民生银行CD091
2031-06-30,0.0556,年,次级债,11工行01
2026-11-19,0.0,到期,同业存单,25光大银行CD244
2030-09-10,0.0189,年,中期票据,25汇金MTN005
2026-03-09,0.0,到期,同业存单,25上海银行CD151
2026-05-12,0.0,到期,同业存单,25东莞农村商业银行CD064
2026-03-20,0.0,到期,同业存单,25北京银行CD041
2032-09-21,0.0276,半年,地方政府债,22上海30
2031-04-07,0.0345,半年,地方政府债,21浙江债04
2026-03-13,0.0,到期,同业存单,25郑州银行CD119
2030-09-22,0.0338,半年,地方政府债,20宁波债20
2028-01-10,0.02,年,中期票据,25TCL集MTN001A(科创票据)
2026-03-12,0.0,到期,同业存单,25杭州银行CD103
2026-02-12,0.0,到期,同业存单,25中信银行CD034
2026-12-22,0.0,到期,同业存单,25浙商银行CD158
2027-05-15,0.018500000000000003,年,国债,24附息国债10
2029-07-11,0.039,年,企业债,22袍投停车场债
2027-06-21,0.022099999999999998,年,中期票据,24南航集MTN001
2046-01-23,0.024300000000000002,半年,地方政府债,26四川债10
2026-03-13,0.0,到期,同业存单,25中国银行CD028
2026-03-26,0.0,到期,同业存单,25光大银行CD079
2030-11-18,0.0236,年,无固定期限资本债券,25苏州银行永续债01
2026-03-11,0.030299999999999997,年,国债,21附息国债02
2029-08-03,0.028900000000000002,年,地方政府债,22安徽债55
2026-04-18,0.0152,到期,超短期融资券,26大唐发电SCP002
2029-08-07,0.0213,年,绿色债务融资工具,24海螺环保GN001
2026-08-14,0.0,到期,同业存单,25中国银行CD054
2026-08-25,0.0182,到期,资产支持票据,25中悦一号ABN004优先
2026-11-20,0.0189,到期,短期融资券,25津国资CP001
2026-08-22,0.0168,到期,超短期融资券,25中海油租SCP004
2030-08-28,0.0184,年,地方政府债,25江苏债39
2030-09-18,0.0337,半年,地方政府债,20四川债120
2026-08-27,0.0,到期,同业存单,25温州银行CD191
2035-10-09,0.021099999999999997,半年,地方政府债,25湖南债61
2026-08-07,0.0,到期,同业存单,25农业银行CD381
2026-12-25,0.0,到期,同业存单,25绍兴银行CD076
2026-09-24,0.0,到期,同业存单,25工商银行CD263
2028-10-27,0.068,年,中期票据,23遂宁开达MTN002
2043-09-26,0.030699999999999998,半年,地方政府债,23深圳债63
2027-03-19,0.024300000000000002,年,普通金融债,24华夏银行债01
2026-12-04,0.0,到期,同业存单,25交通银行CD265
2026-08-17,0.027999999999999997,年,中期票据,23招商蛇口MTN001
2026-08-03,0.0181,到期,超短期融资券,25南部新城SCP005
2055-09-24,0.0242,半年,地方政府债,25广东债60
2028-01-26,0.0235,半年,资产支持证券,24建欣11优先
2026-03-22,0.0152,到期,超短期融资券,25电网SCP021
2026-12-22,0.0,到期,同业存单,25民生银行CD342
2027-08-27,0.0275,年,中期票据,24云建投MTN018
2027-01-09,0.0225,年,中期票据,24济宁高控MTN001
2026-02-12,0.0,到期,同业存单,25交通银行CD043
2044-09-26,0.022099999999999998,半年,地方政府债,24浙江债41
2030-07-31,0.0274,年,中期票据,25平顶发展MTN003
2028-03-20,0.0195,年,中期票据,25申能集MTN001
2045-01-21,0.0206,半年,地方政府债,25广东债06
2030-02-25,0.031200000000000002,半年,地方政府债,20江西债11
2054-10-24,0.023700000000000002,半年,地方政府债,24浙江债51
2054-08-28,0.024,半年,地方政府债,24山东债45
2026-03-18,0.0,到期,同业存单,25南京银行CD237
2026-03-10,0.0,到期,同业存单,25农业银行CD079
2029-01-12,0.0269,年,中期票据,26保利置业MTN001
2028-09-22,0.0335,年,中期票据,23北控水务MTN001
2035-09-21,0.0447,年,二级资本工具,20中国银行二级02
2026-08-14,0.0,到期,同业存单,25中信银行CD364
2027-02-28,0.025,年,普通金融债,24农银金租债01
2026-12-03,0.0,到期,同业存单,25光大银行CD257
2026-09-23,0.0,到期,同业存单,25工商银行CD260
2026-02-12,0.0,到期,同业存单,25浦发银行CD292
2026-03-15,0.0199,年,国债,24附息国债05
2026-04-16,0.0,到期,同业存单,25农业银行CD124
2026-04-24,0.0166,到期,超短期融资券,25北新建材SCP004
2026-04-23,0.0154,到期,超短期融资券,26江苏铁路SCP001
2026-08-24,0.032,年,中期票据,23晋能电力MTN009
2026-07-15,0.021,年,普通金融债,24招联消费金融债05
2026-09-18,0.018500000000000003,到期,超短期融资券,26杭州热联SCP002
2026-03-19,0.0,到期,同业存单,25华夏银行CD167
2027-01-15,0.0297,年,中期票据,24郑州公用MTN001
2029-08-16,0.022799999999999997,年,中期票据,24大唐集MTN007
2039-12-06,0.022000000000000002,半年,地方政府债,24福建债43
2030-12-25,0.025699999999999997,年,中期票据,25涪陵国资MTN005
2027-01-27,0.0,到期,同业存单,26光大银行CD008
2026-07-08,0.0,到期,国债,26贴现国债01
2026-03-10,0.0,到期,同业存单,25工商银行CD093
2026-03-25,0.0,到期,同业存单,25北京银行CD217
2026-05-28,0.0,到期,同业存单,25中国银行CD023
2031-01-09,0.0304,年,中期票据,24诚通控股MTN001A
2029-01-12,0.0292,年,中期票据,24陕延油MTN001
2026-08-07,0.0,到期,同业存单,25交通银行CD184
2029-06-20,0.0308,年,中期票据,24株洲云龙MTN001
2027-12-09,0.0215,年,中期票据,24晋能煤业MTN015(科创票据)
2026-04-17,0.0383,年,中期票据,23南京浦口MTN001
2030-03-28,0.022400000000000003,年,无固定期限资本债券,25杭州银行永续债01
2028-01-12,0.022000000000000002,年,中期票据,23宜昌高新MTN001
2027-05-28,0.0282,年,中期票据,24晋路桥MTN001(科创票据)
2026-12-14,0.032,年,中期票据,23招商蛇口MTN004
2030-01-10,0.019,年,中期票据,25光大集团MTN001A
2028-12-12,0.024900000000000002,年,中期票据,25沈阳地铁MTN006
2026-07-14,0.0425,年,中期票据,23新湖中宝MTN001
2027-05-27,0.022400000000000003,年,普通金融债,24南京银行01
2031-06-10,0.043,年,保险公司资本补充债,21中信保诚人寿
2028-02-17,0.0215,年,中期票据,25金隅MTN001
2026-08-04,0.042800000000000005,年,中期票据,23中骏集团MTN002
2054-08-30,0.0241,半年,地方政府债,24四川债46
2026-06-25,0.0275,年,中期票据,21青岛西海MTN002
2030-02-24,0.018799999999999997,年,中期票据,25汇金MTN001
2044-09-11,0.0235,半年,地方政府债,24甘肃债19
2034-12-02,0.0216,半年,地方政府债,24湖南债59
2030-07-09,0.0255,年,中期票据,25信达地产MTN003A
2026-11-20,0.0,到期,同业存单,25华夏银行CD282
2028-11-24,0.022400000000000003,年,中期票据,22成都高新MTN003
2031-07-22,0.022099999999999998,年,地方政府债,24山东债32
2026-06-12,0.0269,年,普通金融债,23杭州银行01
2027-01-27,0.0,到期,同业存单,26南京银行CD027
2026-03-26,0.0,到期,同业存单,25中国银行CD008
2044-12-10,0.022400000000000003,半年,地方政府债,24山东83
2029-03-07,0.026099999999999998,年,中期票据,24广州地铁MTN003
2026-12-15,0.0,到期,同业存单,25光大银行CD265
2031-08-02,0.0212,年,地方政府债,24黑龙江债15
2027-03-26,0.0298,年,中期票据,24西安高新MTN008
2026-05-26,0.0,到期,同业存单,25中信银行CD150
2031-07-26,0.0218,年,地方政府债,24新疆债27
2044-12-11,0.0223,半年,地方政府债,24河南83
2026-04-17,0.028300000000000002,年,普通金融债,23宁波银行01
2031-01-06,0.0242,年,中期票据,26临汾投资MTN001
2027-07-15,0.0192,年,中期票据,22知识城MTN005
2027-08-26,0.0245,年,中期票据,24河钢集MTN013
2028-09-19,0.0258,年,地方政府债,23河南56
2028-05-28,0.0215,年,中期票据,25保利发展MTN002
2028-10-26,0.0287,年,地方政府债,23湖南债135
2028-11-02,0.0282,年,地方政府债,23重庆债59
2027-09-27,0.0255,年,中期票据,24云南交投MTN004
2028-07-15,0.0171,年,中期票据,25苏交通MTN007
2026-08-21,0.018000000000000002,到期,短期融资券,25临沂城投CP004
2028-04-13,0.031,年,中期票据,23重庆发展MTN001A
2046-01-21,0.025099999999999997,年,中期票据,26苏国信MTN001
2028-04-14,0.036000000000000004,年,中期票据,23绍兴文旅MTN001
2036-12-01,0.0337,半年,地方政府债,21湖南债132
2055-09-25,0.0246,半年,地方政府债,25江西债59
2055-12-08,0.024900000000000002,半年,地方政府债,25山东债128
2026-04-15,0.0,到期,同业存单,25平安银行CD033
2026-03-08,0.018000000000000002,到期,超短期融资券,25青岛海控SCP002
2026-03-20,0.0,到期,同业存单,25中国银行CD033
2033-07-26,0.0,其它,资产支持证券,25浦鑫归航9C
2026-04-17,0.0187,到期,超短期融资券,25粤珠江SCP006
2026-05-15,0.023,年,国债,23附息国债11
2028-07-24,0.0242,年,中期票据,25西安高新MTN014
2030-06-17,0.024399999999999998,年,中期票据,25晋江城投MTN004
2032-08-13,0.031,年,中期票据,25涪陵新城MTN004B
2026-02-26,0.0248,到期,短期融资券,25津南城投CP003
2026-05-24,0.0194,到期,超短期融资券,25西安高新SCP005
2037-06-21,0.0365,年,二级资本工具,22农业银行二级02
2026-04-22,0.0252,年,中期票据,21广州城投MTN002
2043-05-25,0.030600000000000002,半年,地方政府债,23安徽47
2027-01-13,0.022000000000000002,年,中期票据,25中铁置业MTN001
2026-07-24,0.0348,年,中期票据,23扬州经开MTN002
2026-06-13,0.031400000000000004,年,中期票据,24远东租赁MTN004
2026-05-29,0.0329,年,中期票据,23中铁置业MTN001
2029-07-02,0.0235,年,中期票据,24招商公路MTN001
2026-05-04,0.023799999999999998,到期,短期融资券,25赣锋锂业CP001(绿色)
2026-11-27,0.0296,年,中期票据,24格盟MTN001
2027-12-12,0.022400000000000003,年,中期票据,25京能国际MTN008BC
2027-01-27,0.026099999999999998,年,政策性金融债,22进出05
2027-11-03,0.032,年,中期票据,22华侨城MTN007
2027-06-12,0.042800000000000005,半年,地方政府债,17宁夏债04
2026-05-26,0.015700000000000002,到期,短期融资券,25邮政CP001
2028-12-03,0.0231,年,中期票据,25五矿集MTN020
2028-03-14,0.0294,年,中期票据,25桂投资MTN003
2028-12-11,0.0225,年,中期票据,25越秀集团MTN013
2027-06-17,0.026699999999999998,年,中期票据,24湘建工MTN002(科创票据)
2026-07-27,0.0166,到期,超短期融资券,26京能电力SCP001
2027-10-25,0.0319,年,中期票据,24桂金MTN001
2026-10-08,0.048,年,无固定期限资本债券,21长城资本债01BC
2026-04-15,0.048,年,无固定期限资本债券,21九江银行永续债02
2027-06-30,0.0274,年,地方政府债,22河南债64
2026-11-16,0.048,年,无固定期限资本债券,21郑州银行永续债
2026-03-28,0.0319,年,中期票据,24象屿MTN002A
2030-03-18,0.027999999999999997,年,中期票据,25七师国投MTN001
2027-04-19,0.0285,年,中期票据,24豫航空港MTN005
2027-03-19,0.024300000000000002,年,普通金融债,24光大银行债01
2026-02-05,0.018500000000000003,到期,超短期融资券,25青岛北发SCP001
2026-03-03,0.0265,年,政策性金融债,23国开绿债01清发
2030-12-22,0.018500000000000003,年,普通金融债,25华泰证券科创债01B
2028-01-08,0.023,年,中期票据,25盐城交投MTN001
2029-09-25,0.022099999999999998,年,中期票据,24国盛MTN003
2028-04-03,0.0196,年,中期票据,25首都机场MTN002
2044-09-02,0.0239,半年,地方政府债,24广东债73
2027-03-04,0.0268,年,中期票据,24光大控股MTN001A
2026-04-09,0.0158,到期,超短期融资券,26招商公路SCP001
2030-04-15,0.019,年,中期票据,25华润MTN001A
2028-09-19,0.0206,年,中期票据,25冀建交通MTN004
2027-09-12,0.0183,年,中期票据,25湘高速MTN018
2028-01-08,0.0196,年,中期票据,25晋能煤业MTN001
2026-09-15,0.0,到期,同业存单,25杭州银行CD236
2043-04-17,0.0316,半年,地方政府债,23江苏13
2026-09-08,0.0175,到期,超短期融资券,25蜀道投资SCP005
2026-06-12,0.0158,到期,超短期融资券,25浙交投SCP022
2026-05-23,0.0169,到期,超短期融资券,25中建材集SCP007(科创债)
2029-07-15,0.0213,年,中期票据,24中石油MTN001
2026-07-24,0.0262,年,普通金融债,23上海银行债02
2026-02-13,0.0,到期,同业存单,25上海银行CD109
2026-02-12,0.0,到期,同业存单,25农业银行CD021
2028-03-16,0.0348,年,地方政府债,21天津债04
2028-01-29,0.0341,年,地方政府债,21安徽债02
2029-04-16,0.0379,半年,地方政府债,19黑龙江债04
2026-05-26,0.0316,年,地方政府债,21青海债03
2026-11-20,0.025099999999999997,年,中期票据,24北部湾投MTN005A
2027-01-26,0.035,年,中期票据,24漯河投资MTN001
2029-04-15,0.03,年,中期票据,24重庆合川MTN002
2029-04-22,0.031,年,中期票据,24曹妃国控MTN002
2030-08-12,0.021,年,TLAC非资本债券,24建行TLAC非资本债01B
2026-03-24,0.0,到期,同业存单,25宁波银行CD296
2031-01-23,0.026699999999999998,年,地方政府债,24山东债02
2030-04-29,0.020499999999999997,年,中期票据,25光大集团MTN005A
2030-06-12,0.0245,年,企业债,18首发债01
2026-08-02,0.036000000000000004,年,无固定期限资本债券,21进出16
2026-02-06,0.0167,到期,超短期融资券,25沪数据港SCP002(科创债)
2027-04-22,0.023,年,普通金融债,24工银金租债03
2034-04-12,0.024399999999999998,年,政策性金融债,24进出10
2026-12-24,0.0,到期,同业存单,25光大银行CD272
2026-02-26,0.0,到期,同业存单,25交通银行CD059
2026-02-05,0.0137,年,地方政府债,25北京09
2027-01-15,0.0,到期,同业存单,26民生银行CD012
2026-08-06,0.0,到期,同业存单,25光大银行CD144
2027-03-13,0.0278,年,中期票据,24泉州文旅MTN001
2029-11-28,0.021400000000000002,年,中期票据,24国新控股MTN003(稳增长扩投资专项债)
2026-02-13,0.0,到期,同业存单,25光大银行CD028
2027-06-25,0.030899999999999997,年,中期票据,24新天投资MTN001
2034-03-01,0.033,年,中期票据,24陕煤化MTN002
2026-06-27,0.0177,到期,短期融资券,25国网租赁CP007(绿色)
2028-07-18,0.0329,年,无固定期限资本债券,23建行永续债01
2026-03-25,0.0,到期,同业存单,25工商银行CD121
2026-04-17,0.018500000000000003,到期,超短期融资券,25泰达投资SCP002
2035-09-30,0.0258,年,中期票据,25广州地铁MTN008
2028-03-26,0.0489,年,政策性金融债,18进出10
2044-08-27,0.023799999999999998,半年,地方政府债,24浙江33
2028-12-12,0.0236,年,中期票据,25五矿集MTN023B(并购)
2034-08-29,0.0225,年,二级资本工具,24工行二级资本债01A(BC)
2031-03-24,0.047,年,二级资本工具,21星展银行二级
2030-12-12,0.018799999999999997,年,普通金融债,25北京农商科创债
2028-03-10,0.032,年,中期票据,23合建投MTN001
2028-01-16,0.0345,年,中期票据,23华为MTN001
2035-04-23,0.0212,年,中期票据,25电网MTN019
2029-04-15,0.0268,年,中期票据,24常交通MTN001
2028-05-26,0.0397,年,无固定期限资本债券,23苏州银行永续债01
2032-04-14,0.035,年,二级资本工具,22工商银行二级03
2030-07-21,0.027200000000000002,年,地方政府债,23四川债46
2028-08-07,0.0183,年,中期票据,25苏交通MTN008
2033-10-20,0.0285,年,政策性金融债,23农发20
2027-06-25,0.0222,年,普通金融债,24兴业消费金融债04
2026-10-20,0.030699999999999998,年,地方政府债,21江西债29
2026-05-06,0.0,到期,同业存单,25中信银行CD357
2027-06-16,0.0268,年,地方政府债,22湖北债106
2027-10-27,0.0264,年,地方政府债,22安徽债60
2026-02-26,0.0,到期,同业存单,25唐山银行CD183
2026-10-13,0.0,到期,同业存单,25交通银行CD229
2035-08-11,0.0187,半年,地方政府债,25河北债42
2026-05-08,0.0,到期,同业存单,25工商银行CD166
2026-03-17,0.0,到期,同业存单,25杭州银行CD166
2026-12-23,0.0,到期,同业存单,25华夏银行CD312
2026-02-27,0.032,年,中期票据,23四川振兴MTN001
2026-11-10,0.0333,年,中期票据,23晋能电力MTN017
2026-06-05,0.0128,到期,政策性金融债,25进出清发01
2026-12-05,0.031200000000000002,年,国债,19附息国债16
2026-05-31,0.0285,年,中期票据,21烟台业达MTN001
2026-06-16,0.0,到期,同业存单,25光大银行CD115
2026-06-25,0.0,到期,同业存单,25广发银行CD309
2028-03-10,0.034,年,中期票据,23甬交投MTN002
2029-11-21,0.0313,半年,国债,19附息国债15
2030-06-25,0.0262,年,国债,23附息国债14
2026-02-09,0.0,到期,同业存单,25浦发银行CD122
2026-04-27,0.0,到期,同业存单,25南京银行CD082
2031-12-07,0.045,年,保险公司资本补充债,21阳光财险
2027-09-27,0.029900000000000003,年,中期票据,24京城机电MTN001
2026-08-11,0.029900000000000003,年,政策性金融债,21农发08
2030-12-18,0.025699999999999997,年,中期票据,25晋能煤业MTN020(科创债)
2026-02-06,0.0,到期,同业存单,25工商银行CD233
2034-05-10,0.0288,年,中期票据,24泉州城建MTN001
2026-02-12,0.0,到期,同业存单,25北京银行CD017
2026-05-22,0.0166,到期,证券公司短期融资券,25银河证券CP017
2026-07-17,0.0,到期,同业存单,25工商银行CD224
2031-05-27,0.0302,半年,国债,21附息国债09
2027-07-25,0.0203,年,国际开发机构债,24新开发银行债02BC
2028-08-03,0.024900000000000002,年,地方政府债,23广东债58
2026-04-24,0.036000000000000004,到期,资产支持票据,25月华一方ABN002优先
2033-06-21,0.027000000000000003,半年,地方政府债,23北京19
2026-07-17,0.0,到期,同业存单,25交通银行CD167
2026-07-08,0.0,到期,同业存单,25交通银行CD159
2026-09-22,0.0,到期,同业存单,25工商银行CD258
2033-04-04,0.0296,半年,地方政府债,23湖南债31
2026-02-10,0.0166,到期,证券公司短期融资券,25中信建投CP009
2026-03-25,0.0199,到期,中期票据,25湘高速MTN003
2034-12-16,0.0215,年,二级资本工具,24青岛银行二级资本债01
2026-03-06,0.0,到期,同业存单,25建设银行CD119
2035-08-29,0.0204,半年,地方政府债,25内蒙古债24
2041-04-21,0.038900000000000004,半年,地方政府债,21广东债11
2029-03-12,0.028900000000000002,年,中期票据,24晋交投MTN004
2028-09-02,0.0202,年,中期票据,25闽西兴杭MTN004
2026-09-05,0.0318,年,政策性金融债,16进出10
2029-05-20,0.0231,年,中期票据,24汇金MTN003
2028-11-21,0.018000000000000002,年,普通金融债,25南京银行债02BC
2028-10-19,0.0279,年,中期票据,23粤海MTN002
2031-07-16,0.042800000000000005,年,中期票据,21锡交通MTN004
2026-11-20,0.0325,年,中期票据,23晋能电力MTN018
2026-03-26,0.0,到期,国债,25贴现国债82
2034-11-28,0.0233,年,保险公司资本补充债,24人民财险资本补充债01
2030-10-20,0.037000000000000005,年,政策性金融债,20国开15
2026-05-29,0.018799999999999997,年,政策性金融债,24农发清发12
2044-08-19,0.0255,年,中期票据,24中铝集MTN005B(科创票据)
2026-09-22,0.019799999999999998,到期,短期融资券,25津南城投CP007
2026-04-27,0.0,到期,同业存单,25农业银行CD137
2040-11-20,0.024,年,二级资本工具,25农行二级资本债04B(BC)
2027-06-05,0.0218,年,中期票据,25平安租赁MTN008
2030-03-03,0.0297,年,地方政府债,23山东债16
2026-08-25,0.0,到期,同业存单,25农业银行CD275
2026-08-12,0.0,到期,同业存单,25农业银行CD258
2026-02-06,0.015,到期,超短期融资券,25宁沪高SCP006
2027-08-23,0.0207,年,普通金融债,24光大银行债02
2036-01-16,0.0202,半年,地方政府债,26辽宁债01
2029-01-08,0.019,年,中期票据,26中金集MTN001(科创债)
2026-08-19,0.0,到期,同业存单,25建设银行CD337
2026-03-20,0.0308,年,中期票据,24特变股份MTN001A
2033-01-09,0.0194,年,政策性金融债,26国开清发04
2030-02-01,0.0302,年,地方政府债,23安徽01
2026-02-04,0.0148,到期,超短期融资券,25皖交控SCP008
2026-03-18,0.0,到期,同业存单,25农业银行CD320
2026-11-25,0.0278,年,国际开发机构债,21亚洲开发银行债02BC
2029-01-22,0.029500000000000002,年,中期票据,26保利置业MTN002
2026-02-06,0.0161,到期,证券公司短期融资券,25上海证券CP003
2026-04-14,0.0,到期,同业存单,25浦发银行CD104
2026-06-12,0.0,到期,同业存单,25中国银行CD027
2026-02-12,0.0154,到期,超短期融资券,25浙交投SCP013
2026-02-10,0.0151,到期,超短期融资券,25苏交通SCP025
2026-02-11,0.014199999999999999,到期,超短期融资券,26华能SCP002
2026-11-24,0.0,到期,同业存单,25浙江民泰商行CD148
2031-06-26,0.0206,年,中期票据,25电网MTN045(科创债)
2026-02-27,0.0,到期,同业存单,25农业银行CD053
2026-04-15,0.0,到期,同业存单,25光大银行CD216
2029-03-15,0.0231,年,政策性金融债,24进出05
2030-05-13,0.0288,半年,地方政府债,20广东债40
2026-11-15,0.0239,年,国债,23附息国债25
2030-02-21,0.0296,年,地方政府债,23宁波01
2026-07-18,0.0173,到期,短期融资券,25宝马中国CP001BC
2026-04-29,0.0,到期,同业存单,26中信银行CD032
2028-10-30,0.0195,年,中期票据,25国新发展MTN001(科创债)
2035-09-22,0.0374,半年,国债,15附息国债21
2026-05-29,0.018500000000000003,到期,短期融资券,25抚州投资CP001
2030-10-28,0.0222,年,中期票据,25招商资本MTN002(科创债)
2026-11-22,0.0278,年,普通金融债,23徽商银行小微债01
2027-05-25,0.0223,年,中期票据,22芙蓉城投MTN001
2030-11-27,0.021099999999999997,年,中期票据,25平湖国发MTN002
2026-07-13,0.031400000000000004,年,中期票据,23中建MTN002
2027-02-24,0.0326,年,政策性金融债,20进出07
2029-09-05,0.0274,年,政策性金融债,22进出07
2026-11-17,0.0,到期,同业存单,25光大银行CD242
2026-07-19,0.0363,年,政策性金融债,19农发08
2028-06-07,0.0263,年,政策性金融债,23农发07
2026-02-13,0.0152,到期,超短期融资券,25大唐发电SCP006
